1,0.15656,0.22667,0.38516,0.58015,-0.0085113,0.84188,0.17839,0.0086359,0.73894,0.77719,0.28248,0.78237,-0.043075,0.23928,0.46053,0.61587,0.55146,0.63763,0.065328,0.63277,0.73323,0.24974,0.66543,0.57852,0.55269,-0.042211,0.62531,0.27329,0.084031,0.26197,0.80766,0.10316,0.55613,0.50349,0.66636,0.52505,0.20174,0.54824,0.057762,0.27204,-0.15416,0.17247,0.36271,0.23412,0.19553,0.63485,0.041539,-0.17525,0.19284,0.38157,0.062233,0.5393,0.74275,0.34715,0.63298,0.64645,0.69827,0.57161,0.18269,-0.14402,0.58522,0.025252,0.076293,0.76102,0.19103,0.28189,0.13504,0.7133,0.65815,0.39945,0.84815,0.54871,0.55846,0.34789,0.38684,-0.020497,0.2057,0.7087,0.50547,0.76994,-0.026152,0.37573,0.57332,0.64732,0.26997,0.17893,0.8022,0.5686,0.41453,-0.075871,0.67258,0.38296,0.31107,0.21619,0.18201,0.58865,0.27889,0.38034,0.26455
0.15656,1,0.46385,0.45603,0.33087,-0.11309,0.10347,0.58195,0.63611,0.33966,0.49364,0.57514,0.25577,0.46803,0.56398,0.6575,0.21118,0.058593,0.36921,0.55113,0.45496,0.55025,0.57624,0.61227,0.64675,0.33198,0.52793,0.26219,0.63094,0.56359,0.54394,0.33948,0.38468,0.54528,0.43498,0.34699,0.064571,0.72015,0.5917,0.75389,0.7102,0.036875,0.77547,0.76527,0.40659,0.36545,0.54258,0.81587,0.12104,0.019805,0.72916,0.74399,0.65779,-0.040122,0.41628,0.68564,0.45256,0.35404,0.5563,0.36156,0.47238,0.29196,0.79514,0.079829,-0.069189,-0.074013,0.76377,0.71395,0.17102,0.47742,0.48489,0.14553,0.6157,-0.0016803,0.30047,0.38732,0.45501,0.74471,0.20523,0.1657,0.28678,0.59969,0.60672,0.48013,0.28919,0.55811,-0.15008,0.12168,0.6808,0.2814,0.28543,0.27988,0.27491,0.17044,0.45581,0.58309,0.2883,0.80153,0.66035,0.6349
0.22667,0.46385,1,0.4911,0.49432,0.36957,0.3066,0.61637,0.25594,0.38667,0.2722,0.2545,0.072141,0.44635,0.60982,0.13296,0.54579,0.5582,0.55835,0.48873,0.45431,0.41899,0.59038,0.29754,0.49325,0.18013,0.68989,0.43719,0.17167,0.76164,0.76901,0.21251,-0.13632,0.48164,0.70516,0.48645,0.32697,0.46829,0.34191,0.46388,0.26842,0.43137,0.18788,0.62746,0.84286,0.77502,0.66696,0.52562,0.38576,0.36053,0.27712,0.57515,0.49184,0.252,0.64675,0.60142,0.14768,0.28129,0.11402,0.60291,0.61178,0.68423,0.59796,0.53617,0.19046,0.62417,0.71912,0.75316,0.27323,0.46763,0.60428,0.27478,0.12653,0.33583,0.76617,0.693,0.68801,0.35838,0.60444,0.61312,0.27069,0.67895,0.83288,0.14999,0.60729,0.45105,0.38554,0.45095,0.1988,0.58914,0.69549,0.050866,0.45754,0.72162,0.73751,0.76383,0.57533,0.42218,0.45437,0.073202
0.38516,0.45603,0.4911,1,0.57224,-0.13195,0.46523,0.52718,0.40099,0.52755,0.30638,0.48436,0.19559,0.048945,0.71135,0.56093,0.34354,0.37331,0.44767,0.47686,0.75155,0.50376,0.74011,0.60892,0.65644,0.34897,0.05437,0.82285,0.59097,0.46954,0.21844,0.17961,0.092012,0.63586,0.77146,0.32434,0.11055,0.61704,0.69931,0.62931,0.57312,-0.090392,0.51979,0.61117,0.5413,0.2581,0.62309,0.4854,-0.17158,0.62648,0.61008,0.59507,0.60014,0.59926,0.47674,0.54439,0.31345,0.23921,0.41742,0.55307,-0.019711,0.38758,0.30192,0.02436,0.31463,0.080444,0.47884,0.63787,0.60779,0.72584,0.69483,0.1873,0.37496,0.64239,0.47418,0.7778,0.22502,0.70354,0.56797,0.32952,0.28381,0.14353,0.68572,0.46968,0.47617,0.47729,0.15802,0.2153,0.47248,0.85443,0.028778,0.26009,0.1211,0.24553,0.3174,0.4888,0.63989,0.68704,0.76268,0.25715
0.58015,0.33087,0.49432,0.57224,1,0.20649,0.45918,0.27149,0.14705,0.66308,0.54354,0.55268,0.4772,0.38969,0.42258,0.29258,0.49398,0.54292,0.67551,0.12682,0.5757,0.6453,0.32636,0.56089,0.4832,0.59851,0.24026,0.67406,0.27433,0.33282,0.35715,0.53031,0.15729,0.57061,0.7187,0.56611,0.63541,0.29946,0.55282,0.18585,0.26556,0.048257,0.19335,0.43685,0.5733,0.45408,0.54121,0.23761,0.16192,0.64774,0.35933,0.20149,0.57077,0.60977,0.49671,0.59777,0.50279,0.48382,0.32486,0.25133,0.13728,0.79065,0.29342,0.41287,0.70957,0.42644,0.39674,0.48166,0.73156,0.55661,0.69513,0.60694,0.33824,0.50814,0.49231,0.6938,0.40765,0.21099,0.565,0.81173,0.57218,0.25556,0.5427,0.37143,0.52268,0.50206,0.43973,0.65287,0.35008,0.50455,0.25535,0.4701,0.50722,0.58872,0.34506,0.46448,0.53319,0.31245,0.38794,0.30392
-0.0085113,-0.11309,0.36957,-0.13195,0.20649,1,0.02808,-0.15356,-0.41171,-0.12053,-0.21989,-0.20627,-0.24822,0.62031,0.0071668,-0.49784,0.073447,0.2217,0.17371,-0.078725,-0.22765,-0.23158,-0.083759,-0.30375,-0.32552,-0.35399,0.5467,-0.094836,-0.58321,0.26045,0.28964,-0.12888,-0.62588,-0.24262,0.056089,0.012658,0.62191,-0.31255,-0.45869,-0.22136,-0.37867,0.86243,-0.52326,-0.14646,0.44514,0.68805,0.026097,-0.26684,0.89077,0.29377,-0.45402,-0.28558,-0.14329,-0.089148,0.59035,-0.075033,-0.3217,-0.096515,-0.56939,0.39284,0.4743,0.378,0.060628,0.90443,0.036096,0.64046,0.11884,0.18423,-0.20327,-0.15425,-0.0044817,-0.010499,-0.45626,-0.11903,0.24757,0.24839,0.62475,-0.29945,0.12033,0.44385,-0.24406,0.38728,0.20102,-0.46625,0.19389,-0.16191,0.72547,0.21098,-0.37324,0.091601,0.80714,-0.30568,0.1144,0.72215,0.36304,0.14245,-0.069327,-0.27498,-0.18396,-0.44728
0.84188,0.10347,0.3066,0.46523,0.45918,0.02808,1,0.37253,0.074073,0.62826,0.61448,0.26753,0.54724,-0.18683,0.34854,0.42808,0.62777,0.4094,0.54117,0.25696,0.59232,0.55583,0.41343,0.56576,0.50199,0.43101,-0.0032973,0.59201,0.2632,0.27356,0.30369,0.6286,0.002455,0.58163,0.48596,0.68271,0.35097,0.26397,0.46688,0.18906,0.27405,0.037004,0.11761,0.42475,0.38597,0.31228,0.62435,0.093395,-0.14753,0.23884,0.29253,0.14377,0.56899,0.6945,0.3758,0.58105,0.47841,0.59216,0.42659,0.44819,-0.097501,0.49832,0.058258,0.1203,0.57718,0.31182,0.4047,0.31355,0.60222,0.65401,0.46986,0.64702,0.38948,0.49969,0.54604,0.47556,0.072893,0.27033,0.69846,0.41352,0.64596,0.038379,0.48285,0.48507,0.66893,0.29988,0.33994,0.64445,0.44295,0.55622,-0.0044627,0.37857,0.36703,0.37281,0.38025,0.30364,0.53812,0.30754,0.45707,0.093678
0.17839,0.58195,0.61637,0.52718,0.27149,-0.15356,0.37253,1,0.68887,0.38805,0.44609,0.56027,0.18924,0.059021,0.67571,0.55094,0.4934,0.12089,0.27336,0.86038,0.53514,0.49835,0.80633,0.59579,0.61716,0.43278,0.41242,0.44729,0.62448,0.78175,0.64487,0.31568,0.31298,0.75254,0.6054,0.59001,-0.15259,0.76795,0.62819,0.7528,0.66028,0.14245,0.56262,0.85951,0.70007,0.41872,0.65713,0.77038,0.0036841,0.11995,0.61071,0.79692,0.79713,0.10987,0.30233,0.70512,0.4085,0.37883,0.48542,0.59364,0.35555,0.20486,0.71558,0.042909,0.055875,0.29144,0.76744,0.7738,0.27956,0.50018,0.69052,0.17199,0.46302,0.21686,0.77157,0.60965,0.43491,0.61601,0.42415,0.18038,0.37993,0.59862,0.75495,0.59051,0.45943,0.68859,0.055223,0.17534,0.53566,0.52144,0.24481,0.10434,0.5375,0.27993,0.67984,0.84094,0.47189,0.70186,0.71862,0.39479
0.0086359,0.63611,0.25594,0.40099,0.14705,-0.41171,0.074073,0.68887,1,0.19263,0.30231,0.55369,0.11167,0.054083,0.55942,0.66932,0.1761,-0.029135,0.065708,0.63938,0.40161,0.40396,0.56626,0.50327,0.60333,0.36991,0.16654,0.28796,0.79027,0.43178,0.35537,0.14808,0.72785,0.57233,0.35927,0.35189,-0.35226,0.88462,0.6722,0.73387,0.67284,-0.16803,0.76119,0.7068,0.28023,0.009007,0.3778,0.82799,-0.19208,-0.016166,0.64434,0.73245,0.57086,-0.043228,-0.00028549,0.51212,0.36867,0.22027,0.56594,0.2309,0.13389,-0.03627,0.73202,-0.30141,-0.13342,-0.18428,0.57259,0.51523,0.20091,0.28145,0.59967,-0.10167,0.55823,0.10431,0.3112,0.27843,0.17737,0.60283,0.14347,-0.11622,0.2294,0.30786,0.47733,0.54466,0.16068,0.68605,-0.25908,-0.18455,0.45126,0.22755,-0.074375,0.028418,0.092885,-0.17153,0.34355,0.52687,0.2897,0.71517,0.69057,0.75809
0.73894,0.33966,0.38667,0.52755,0.66308,-0.12053,0.62826,0.38805,0.19263,1,0.73905,0.44395,0.66357,0.052458,0.4239,0.45437,0.71888,0.5808,0.7715,0.17193,0.77834,0.78146,0.35853,0.72582,0.65145,0.6471,0.14466,0.67526,0.4303,0.23106,0.45388,0.68709,0.20721,0.67541,0.63414,0.64383,0.42634,0.37411,0.69404,0.27343,0.34093,-0.18828,0.32818,0.50886,0.42513,0.31903,0.61492,0.30289,-0.19338,0.26933,0.45686,0.33975,0.62746,0.7128,0.34144,0.70775,0.66551,0.71113,0.60108,0.19561,0.063311,0.6409,0.26978,0.084532,0.73844,0.17947,0.44804,0.37065,0.81192,0.81209,0.58237,0.74445,0.50553,0.51992,0.46366,0.50271,0.13,0.29805,0.58041,0.58517,0.74113,0.14817,0.5248,0.6598,0.51643,0.51903,0.050399,0.70522,0.58751,0.53426,0.0049954,0.7518,0.50993,0.3707,0.36386,0.42106,0.61741,0.42708,0.46828,0.38162
0.77719,0.49364,0.2722,0.30638,0.54354,-0.21989,0.61448,0.44609,0.30231,0.73905,1,0.54752,0.91507,0.10465,0.3671,0.58883,0.58347,0.31477,0.58411,0.26611,0.61296,0.89404,0.32226,0.83585,0.72755,0.73099,0.18238,0.45884,0.56322,0.18354,0.52844,0.94645,0.4015,0.67959,0.46713,0.74026,0.37394,0.41241,0.6695,0.31689,0.44222,-0.2365,0.49267,0.62407,0.27643,0.1859,0.634,0.37897,-0.19518,-0.040768,0.56878,0.31509,0.77739,0.42595,0.20282,0.83448,0.85571,0.80701,0.82255,0.065914,0.10743,0.48372,0.39305,-0.054654,0.55792,0.049232,0.50057,0.30154,0.58297,0.60131,0.53651,0.82072,0.82875,0.29166,0.37533,0.28238,0.079465,0.35688,0.48051,0.39885,0.8593,0.25479,0.42031,0.7705,0.43636,0.47593,-0.12336,0.69689,0.7985,0.21664,-0.061115,0.73623,0.59082,0.22318,0.32593,0.3858,0.49037,0.50446,0.48563,0.52947
0.28248,0.57514,0.2545,0.48436,0.55268,-0.20627,0.26753,0.56027,0.55369,0.44395,0.54752,1,0.40639,0.11068,0.57492,0.57253,0.28677,-0.035366,0.31404,0.48975,0.52154,0.60353,0.53879,0.67897,0.5471,0.67964,0.12625,0.46735,0.71939,0.37272,0.30835,0.45547,0.55232,0.68395,0.49166,0.55877,0.011371,0.57655,0.66157,0.52526,0.57649,-0.088068,0.63347,0.65707,0.38832,0.16114,0.46924,0.60043,-0.094237,0.22798,0.57285,0.50839,0.75023,0.19304,0.13224,0.64342,0.64229,0.40566,0.59563,0.25793,0.055464,0.21911,0.49632,-0.051576,0.23362,0.013791,0.50066,0.54561,0.4149,0.41178,0.61409,0.28748,0.58929,0.1501,0.40127,0.46813,0.25659,0.53037,0.21378,0.25034,0.50036,0.31131,0.44699,0.58504,0.31595,0.65737,0.065819,0.20393,0.58996,0.29648,0.0036463,0.37987,0.42005,0.08412,0.31818,0.53616,0.29767,0.59543,0.64961,0.59918
0.78237,0.25577,0.072141,0.19559,0.4772,-0.24822,0.54724,0.18924,0.11167,0.66357,0.91507,0.40639,1,-0.068524,0.18705,0.47826,0.45695,0.30867,0.46238,0.045896,0.51847,0.8278,0.11779,0.72559,0.58377,0.70299,-0.036591,0.43247,0.43256,-0.055246,0.27587,0.94948,0.34763,0.52958,0.35774,0.61697,0.32584,0.19331,0.56726,0.09393,0.26165,-0.35557,0.31998,0.38013,0.076104,-0.030576,0.49225,0.13834,-0.30771,-0.054987,0.42482,0.095137,0.57646,0.47515,0.031349,0.65559,0.81335,0.71016,0.7398,-0.11391,-0.11028,0.40089,0.1059,-0.15277,0.62967,-0.03553,0.2443,0.038248,0.59386,0.47331,0.3582,0.84942,0.73895,0.34257,0.17244,0.14024,-0.14667,0.1799,0.3938,0.34664,0.84857,-0.0175,0.20991,0.65308,0.35329,0.28951,-0.15286,0.67729,0.65437,0.079625,-0.23371,0.73947,0.46534,0.10542,0.083585,0.15097,0.43535,0.28222,0.29603,0.41855
-0.043075,0.46803,0.44635,0.048945,0.38969,0.62031,-0.18683,0.059021,0.054083,0.052458,0.10465,0.11068,-0.068524,1,0.25964,-0.14718,0.097745,0.20931,0.38084,0.097294,-0.038351,0.10772,0.04959,0.017851,0.0617,-0.11526,0.74058,-0.035589,-0.12494,0.34216,0.46397,0.071773,-0.18243,0.0077945,0.16738,0.022033,0.64979,0.13621,-0.040248,0.20213,0.0416,0.45969,0.066523,0.24582,0.44622,0.60609,0.12347,0.28716,0.79476,0.28677,0.015339,0.16641,0.13918,-0.20592,0.58833,0.20616,-0.067883,0.15079,-0.16204,0.17976,0.68358,0.4626,0.53738,0.71188,-0.0047801,0.32454,0.39884,0.47744,-0.098011,0.06654,0.2448,0.027772,0.0048622,-0.17976,0.1281,0.23433,0.7547,0.033798,0.062531,0.47752,-0.12808,0.60245,0.34329,-0.21403,0.030316,0.18412,0.3287,0.16405,0.037478,0.08802,0.71968,-0.021875,0.19813,0.56569,0.40906,0.35529,-0.034684,0.2055,0.034686,0.15002
0.23928,0.56398,0.60982,0.71135,0.42258,0.0071668,0.34854,0.67571,0.55942,0.4239,0.3671,0.57492,0.18705,0.25964,1,0.40623,0.35051,0.25836,0.44671,0.68632,0.60953,0.5159,0.71225,0.55478,0.6446,0.26464,0.36809,0.5629,0.66607,0.54416,0.57032,0.21099,0.18697,0.57075,0.6439,0.41643,0.096207,0.72777,0.59382,0.78356,0.49073,0.15808,0.56187,0.78648,0.6262,0.41631,0.61252,0.68106,0.069301,0.3473,0.43654,0.68118,0.67363,0.26298,0.42304,0.63213,0.33522,0.32927,0.45318,0.57665,0.25036,0.36758,0.63009,0.14437,0.070781,0.13122,0.68972,0.76014,0.29926,0.58282,0.75634,0.096374,0.42153,0.32408,0.53855,0.60562,0.44746,0.62496,0.40583,0.26882,0.19718,0.38446,0.76173,0.43821,0.39338,0.62574,0.15695,0.13847,0.43135,0.63795,0.27443,0.13512,0.14237,0.30147,0.59635,0.63617,0.53279,0.75258,0.78638,0.36596
0.46053,0.6575,0.13296,0.56093,0.29258,-0.49784,0.42808,0.55094,0.66932,0.45437,0.58883,0.57253,0.47826,-0.14718,0.40623,1,0.30958,0.078831,0.24107,0.4548,0.64217,0.61163,0.58982,0.76314,0.7278,0.53084,-0.079308,0.4915,0.78542,0.27695,0.19625,0.48928,0.60612,0.67869,0.43028,0.52758,-0.17938,0.71467,0.79366,0.61917,0.81586,-0.34025,0.78741,0.67366,0.16867,-0.072428,0.58307,0.60053,-0.40904,-0.019528,0.82992,0.5896,0.69663,0.29351,0.13324,0.66755,0.62745,0.43181,0.77504,0.28087,-0.13736,0.091969,0.42789,-0.40208,0.18585,-0.25618,0.48872,0.40138,0.50559,0.57599,0.46422,0.29277,0.72046,0.3104,0.25283,0.33269,-0.050857,0.77889,0.36874,-0.022332,0.57007,0.13121,0.41539,0.7363,0.37538,0.56958,-0.29124,0.16662,0.78397,0.33287,-0.25611,0.4159,0.17345,-0.17696,0.21635,0.39187,0.41383,0.73919,0.74871,0.67671
0.61587,0.21118,0.54579,0.34354,0.49398,0.073447,0.62777,0.4934,0.1761,0.71888,0.58347,0.28677,0.45695,0.097745,0.35051,0.30958,1,0.56863,0.68845,0.29905,0.56107,0.56258,0.42183,0.50113,0.51659,0.46031,0.25309,0.48892,0.2295,0.4103,0.5911,0.53641,0.071842,0.59859,0.5403,0.67101,0.39035,0.41202,0.47663,0.22803,0.33099,0.064678,0.1664,0.51721,0.54095,0.48554,0.63744,0.27379,0.043499,0.13708,0.32791,0.31802,0.58437,0.58464,0.45177,0.62556,0.42003,0.7332,0.3934,0.32075,0.14354,0.59664,0.38598,0.21452,0.56077,0.43393,0.47179,0.41155,0.53935,0.74853,0.50023,0.59875,0.3223,0.41026,0.64769,0.49061,0.29218,0.18789,0.68711,0.51575,0.60437,0.39283,0.54299,0.47973,0.57828,0.44673,0.21763,0.59108,0.41222,0.52414,0.27223,0.53733,0.51217,0.4963,0.62631,0.54467,0.59324,0.36439,0.38053,0.24484
0.55146,0.058593,0.5582,0.37331,0.54292,0.2217,0.4094,0.12089,-0.029135,0.5808,0.31477,-0.035366,0.30867,0.20931,0.25836,0.078831,0.56863,1,0.62913,0.0049521,0.54483,0.47951,0.26798,0.20943,0.46708,0.18009,0.17237,0.54905,0.01916,0.17586,0.41107,0.32445,-0.14559,0.31654,0.6455,0.39334,0.48051,0.22448,0.34437,0.024341,0.043586,-0.010695,-0.070082,0.1794,0.43252,0.35731,0.57623,0.092224,0.10366,0.33591,0.13985,0.14053,0.19607,0.6078,0.48403,0.40609,0.15154,0.33523,0.16516,0.17305,0.089976,0.70636,0.12748,0.2654,0.63567,0.42318,0.1952,0.22145,0.61073,0.46757,0.36907,0.54825,0.061131,0.68905,0.40681,0.4556,0.22909,0.049147,0.75449,0.59597,0.44403,0.087578,0.45304,0.16957,0.57439,0.20699,0.22476,0.649,0.10954,0.51986,0.22144,0.40657,0.20416,0.47302,0.34753,0.28331,0.75445,0.14429,0.16804,0.096695
0.63763,0.36921,0.55835,0.44767,0.67551,0.17371,0.54117,0.27336,0.065708,0.7715,0.58411,0.31404,0.46238,0.38084,0.44671,0.24107,0.68845,0.62913,1,0.14795,0.60004,0.63141,0.27968,0.51641,0.5412,0.44667,0.45617,0.52606,0.19923,0.36512,0.54112,0.55695,-0.01505,0.51867,0.5875,0.51251,0.64861,0.31779,0.50518,0.24325,0.23012,0.10951,0.20745,0.48001,0.50592,0.58245,0.62193,0.28349,0.13388,0.38536,0.31685,0.31986,0.47008,0.64519,0.5747,0.6017,0.40872,0.73647,0.33927,0.29621,0.32299,0.82047,0.35666,0.40216,0.61274,0.3867,0.56159,0.48767,0.59277,0.77214,0.51618,0.63893,0.35408,0.37088,0.46708,0.55982,0.38049,0.20617,0.61999,0.72778,0.51048,0.32267,0.61145,0.32963,0.56999,0.4353,0.28176,0.67122,0.40742,0.53759,0.3645,0.55832,0.36066,0.61904,0.55615,0.42761,0.51693,0.36458,0.37807,0.26107
0.065328,0.55113,0.48873,0.47686,0.12682,-0.078725,0.25696,0.86038,0.63938,0.17193,0.26611,0.48975,0.045896,0.097294,0.68632,0.4548,0.29905,0.0049521,0.14795,1,0.38394,0.30654,0.79289,0.45803,0.51125,0.2159,0.37256,0.30452,0.55966,0.73954,0.56895,0.14029,0.20701,0.62325,0.42119,0.41386,-0.21165,0.71392,0.45092,0.79317,0.58071,0.22708,0.54446,0.78942,0.59118,0.35428,0.51234,0.71118,0.07232,0.071305,0.44259,0.71551,0.6942,-0.028952,0.27382,0.56232,0.22767,0.25703,0.36449,0.58609,0.39886,0.062978,0.68083,0.017927,-0.17124,0.19063,0.67228,0.72243,0.062897,0.37659,0.57472,-0.079061,0.39887,0.08297,0.67055,0.48768,0.4888,0.64,0.30304,0.03154,0.1168,0.58172,0.62395,0.41525,0.30135,0.55063,0.044534,-0.032343,0.41652,0.46485,0.25255,-0.079171,0.22687,0.16886,0.64544,0.77223,0.27664,0.72898,0.69944,0.31143
0.63277,0.45496,0.45431,0.75155,0.5757,-0.22765,0.59232,0.53514,0.40161,0.77834,0.61296,0.52154,0.51847,-0.038351,0.60953,0.64217,0.56107,0.54483,0.60004,0.38394,1,0.76143,0.60019,0.72441,0.76302,0.55686,0.05172,0.78769,0.62888,0.34564,0.38509,0.52165,0.24642,0.74277,0.75851,0.55838,0.17211,0.59598,0.79433,0.53584,0.54345,-0.21429,0.52164,0.63424,0.48911,0.21898,0.74483,0.47587,-0.29166,0.35418,0.62801,0.57268,0.66713,0.668,0.3743,0.68768,0.55846,0.5304,0.66144,0.40626,-0.042825,0.47519,0.31389,-0.083486,0.56876,0.079767,0.51423,0.5083,0.77053,0.80355,0.63501,0.55523,0.52376,0.67947,0.50296,0.6242,0.10059,0.59226,0.61939,0.40277,0.60721,0.097333,0.647,0.69121,0.59112,0.59654,0.01666,0.49719,0.60862,0.68588,-0.061457,0.59096,0.31603,0.21572,0.41077,0.47984,0.76317,0.63429,0.69387,0.41317
0.73323,0.55025,0.41899,0.50376,0.6453,-0.23158,0.55583,0.49835,0.40396,0.78146,0.89404,0.60353,0.8278,0.10772,0.5159,0.61163,0.56258,0.47951,0.63141,0.30654,0.76143,1,0.46265,0.83368,0.83386,0.72488,0.18829,0.63275,0.64588,0.28117,0.54925,0.8302,0.41714,0.74557,0.66747,0.68814,0.2936,0.5527,0.7886,0.43008,0.49521,-0.26875,0.55148,0.67233,0.38774,0.19474,0.74747,0.50691,-0.2195,0.15355,0.6531,0.48089,0.76832,0.53153,0.23851,0.85048,0.8032,0.69237,0.82092,0.13946,0.087275,0.55448,0.43176,-0.059593,0.59079,0.069539,0.56697,0.44165,0.69732,0.66166,0.6491,0.76625,0.78183,0.48211,0.43572,0.45314,0.10954,0.46157,0.57776,0.47113,0.82254,0.22522,0.57709,0.7554,0.52747,0.56054,-0.077312,0.6552,0.73753,0.37982,-0.056844,0.71574,0.52164,0.2475,0.35885,0.45854,0.68615,0.58544,0.58804,0.57106
0.24974,0.57624,0.59038,0.74011,0.32636,-0.083759,0.41343,0.80633,0.56626,0.35853,0.32226,0.53879,0.11779,0.04959,0.71225,0.58982,0.42183,0.26798,0.27968,0.79289,0.60019,0.46265,1,0.55441,0.68936,0.2988,0.22548,0.58774,0.61343,0.71761,0.49639,0.19154,0.16186,0.70694,0.69018,0.47031,-0.12984,0.76434,0.60606,0.74658,0.73606,0.095077,0.59271,0.75476,0.635,0.3566,0.74086,0.69821,-0.012023,0.24309,0.66829,0.7562,0.74098,0.26036,0.43765,0.67215,0.30429,0.23082,0.44476,0.6531,0.188,0.21796,0.55717,-0.013559,0.043651,0.16841,0.63119,0.73298,0.31152,0.55577,0.60178,0.1203,0.39646,0.39911,0.64798,0.67078,0.41003,0.7632,0.58767,0.11648,0.32682,0.46518,0.72047,0.47275,0.54676,0.53007,0.07887,0.12961,0.51804,0.69946,0.17712,0.15689,0.30676,0.21755,0.56092,0.70762,0.62353,0.7755,0.80814,0.34819
0.66543,0.61227,0.29754,0.60892,0.56089,-0.30375,0.56576,0.59579,0.50327,0.72582,0.83585,0.67897,0.72559,0.017851,0.55478,0.76314,0.50113,0.20943,0.51641,0.45803,0.72441,0.83368,0.55441,1,0.81286,0.73349,0.11133,0.66427,0.74441,0.3575,0.41018,0.73979,0.44176,0.78468,0.62955,0.65809,0.14949,0.61724,0.8341,0.57028,0.68939,-0.23434,0.6996,0.7594,0.36411,0.17923,0.69355,0.53238,-0.26535,0.12712,0.78079,0.56422,0.8566,0.45703,0.2632,0.86396,0.85589,0.63698,0.82546,0.2924,0.018412,0.36864,0.43503,-0.12922,0.4428,-0.044278,0.59835,0.48581,0.62099,0.69488,0.66589,0.58733,0.85569,0.39072,0.41993,0.51718,0.085131,0.65377,0.47667,0.29972,0.72982,0.22969,0.5794,0.8625,0.47923,0.55382,-0.11742,0.4748,0.86254,0.47489,-0.088618,0.63161,0.44168,0.13375,0.31743,0.49412,0.52686,0.72896,0.74275,0.55475
0.57852,0.64675,0.49325,0.65644,0.4832,-0.32552,0.50199,0.61716,0.60333,0.65145,0.72755,0.5471,0.58377,0.0617,0.6446,0.7278,0.51659,0.46708,0.5412,0.51125,0.76302,0.83386,0.68936,0.81286,1,0.55227,0.17722,0.65377,0.76773,0.42881,0.50732,0.60715,0.43867,0.74796,0.7034,0.61732,0.051439,0.78361,0.84537,0.65157,0.70251,-0.27349,0.72218,0.76718,0.41046,0.19054,0.80872,0.69246,-0.27452,0.099973,0.80729,0.71006,0.77484,0.44824,0.33915,0.86179,0.67269,0.55825,0.79873,0.29022,0.080742,0.44026,0.53597,-0.19163,0.33084,-0.028465,0.63447,0.55287,0.57241,0.69998,0.6321,0.49727,0.77405,0.51475,0.44834,0.49872,0.14604,0.68691,0.66263,0.2471,0.65655,0.26858,0.66388,0.74297,0.57328,0.57513,-0.20191,0.42462,0.75897,0.5614,-0.047026,0.55086,0.30351,0.11304,0.42146,0.52086,0.73554,0.79538,0.77004,0.61712
0.55269,0.33198,0.18013,0.34897,0.59851,-0.35399,0.43101,0.43278,0.36991,0.6471,0.73099,0.67964,0.70299,-0.11526,0.26464,0.53084,0.46031,0.18009,0.44667,0.2159,0.55686,0.72488,0.2988,0.73349,0.55227,1,0.0022872,0.55461,0.54736,0.20417,0.24146,0.72015,0.54103,0.75122,0.53309,0.68598,0.11773,0.3652,0.71132,0.2133,0.42582,-0.30301,0.43644,0.48829,0.29078,0.02222,0.49238,0.35505,-0.34217,0.14937,0.57045,0.32909,0.65729,0.48893,-0.023258,0.64825,0.80268,0.6192,0.6602,0.0031741,-0.053082,0.38256,0.25399,-0.1666,0.59638,0.086883,0.35485,0.24392,0.64213,0.47322,0.56321,0.65739,0.64222,0.3511,0.41121,0.41457,-0.021318,0.25122,0.32025,0.42252,0.80148,0.088751,0.35174,0.68999,0.40482,0.53083,-0.031703,0.50776,0.56012,0.20341,-0.21325,0.60741,0.5654,0.13717,0.17496,0.43688,0.42393,0.33306,0.42628,0.52345
-0.042211,0.52793,0.68989,0.05437,0.24026,0.5467,-0.0032973,0.41242,0.16654,0.14466,0.18238,0.12625,-0.036591,0.74058,0.36809,-0.079308,0.25309,0.17237,0.45617,0.37256,0.05172,0.18829,0.22548,0.11133,0.17722,0.0022872,1,-0.046464,-0.053301,0.66137,0.76643,0.1514,-0.16917,0.19678,0.25253,0.23561,0.42362,0.23833,0.021688,0.37624,0.076057,0.58581,0.076252,0.46925,0.62769,0.79926,0.32602,0.4854,0.67171,0.13031,0.058088,0.4169,0.28993,-0.18401,0.53653,0.37917,0.042851,0.24587,-0.08233,0.40771,0.92705,0.49539,0.67442,0.70268,-0.070988,0.54073,0.71914,0.68539,-0.099767,0.19972,0.34864,0.089002,0.056473,-0.24561,0.47711,0.34919,0.84714,0.12529,0.13563,0.50696,-0.0035911,0.83107,0.58234,-0.070223,0.24054,0.34528,0.33728,0.23887,0.081515,0.17138,0.85022,-0.1041,0.44177,0.69472,0.69419,0.62207,0.040124,0.2594,0.13094,0.071869
0.62531,0.26219,0.43719,0.82285,0.67406,-0.094836,0.59201,0.44729,0.28796,0.67526,0.45884,0.46735,0.43247,-0.035589,0.5629,0.4915,0.48892,0.54905,0.52606,0.30452,0.78769,0.63275,0.58774,0.66427,0.65377,0.55461,-0.046464,1,0.49221,0.33442,0.20198,0.41074,0.11119,0.69744,0.84103,0.48399,0.24767,0.46619,0.74856,0.37926,0.42221,-0.14108,0.3511,0.49888,0.53434,0.21072,0.66818,0.2963,-0.22499,0.58123,0.55147,0.42157,0.58045,0.75292,0.36734,0.57321,0.45149,0.39097,0.45464,0.40326,-0.13658,0.50314,0.15379,0.034283,0.65204,0.1748,0.35507,0.45253,0.79314,0.66307,0.67288,0.48437,0.40119,0.82687,0.50344,0.75166,0.081364,0.48039,0.65068,0.49631,0.52408,-0.0022363,0.65027,0.54521,0.61454,0.4229,0.22164,0.44642,0.43495,0.76679,-0.053998,0.42225,0.24489,0.2854,0.23508,0.44786,0.76057,0.49329,0.65301,0.25054
0.27329,0.63094,0.17167,0.59097,0.27433,-0.58321,0.2632,0.62448,0.79027,0.4303,0.56322,0.71939,0.43256,-0.12494,0.66607,0.78542,0.2295,0.01916,0.19923,0.55966,0.62888,0.64588,0.61343,0.74441,0.76773,0.54736,-0.053301,0.49221,1,0.25488,0.23214,0.39878,0.71677,0.67803,0.46796,0.42188,-0.30608,0.81595,0.83021,0.72809,0.72606,-0.40107,0.86227,0.7295,0.18854,-0.13526,0.50945,0.74711,-0.44198,0.025383,0.7587,0.688,0.71348,0.18852,-0.024147,0.6457,0.62881,0.3969,0.8332,0.1721,-0.11301,0.022125,0.51698,-0.45962,0.077236,-0.34296,0.48793,0.4504,0.40464,0.5096,0.59248,0.17312,0.76155,0.27823,0.23742,0.31141,-0.021918,0.73035,0.23915,-0.089343,0.44562,0.10952,0.44297,0.77008,0.23296,0.6376,-0.36036,0.033114,0.73162,0.33997,-0.29699,0.39547,0.13152,-0.26688,0.20083,0.39485,0.44943,0.8086,0.79311,0.74229
0.084031,0.56359,0.76164,0.46954,0.33282,0.26045,0.27356,0.78175,0.43178,0.23106,0.18354,0.37272,-0.055246,0.34216,0.54416,0.27695,0.4103,0.17586,0.36512,0.73954,0.34564,0.28117,0.71761,0.3575,0.42881,0.20417,0.66137,0.33442,0.25488,1,0.66092,0.11287,-0.020667,0.58474,0.5968,0.42289,0.092298,0.56552,0.35747,0.6095,0.47636,0.49902,0.29896,0.69096,0.81144,0.72001,0.62857,0.66246,0.3659,0.29453,0.45292,0.67736,0.57565,0.081219,0.58593,0.56221,0.1529,0.22359,0.10596,0.7243,0.63788,0.36921,0.65941,0.43544,-0.016275,0.55072,0.78909,0.83887,0.11841,0.44567,0.5468,0.067172,0.17192,0.11371,0.79871,0.72785,0.67693,0.477,0.42147,0.40254,0.11962,0.76428,0.79062,0.23406,0.53832,0.52442,0.36085,0.18672,0.26893,0.55006,0.61935,-0.096795,0.44837,0.57386,0.76736,0.84899,0.35666,0.52512,0.55904,0.14123
0.26197,0.54394,0.76901,0.21844,0.35715,0.28964,0.30369,0.64487,0.35537,0.45388,0.52844,0.30835,0.27587,0.46397,0.57032,0.19625,0.5911,0.41107,0.54112,0.56895,0.38509,0.54925,0.49639,0.41018,0.50732,0.24146,0.76643,0.20198,0.23214,0.66092,1,0.46506,0.029349,0.4872,0.47389,0.61409,0.29746,0.50505,0.31167,0.53225,0.28183,0.39689,0.27125,0.69727,0.71587,0.71396,0.62857,0.60895,0.42152,0.006851,0.24739,0.54206,0.62016,0.035034,0.47638,0.71002,0.34514,0.53899,0.29613,0.45833,0.67648,0.5651,0.7548,0.43955,0.1127,0.50491,0.76665,0.69532,0.16147,0.41424,0.55679,0.36786,0.3316,0.0395,0.66438,0.42203,0.67127,0.2899,0.45055,0.48291,0.41013,0.75451,0.69748,0.28835,0.45685,0.53932,0.21047,0.46291,0.3318,0.34509,0.63478,0.16862,0.58464,0.61808,0.80461,0.74799,0.41405,0.48215,0.38468,0.2436
0.80766,0.33948,0.21251,0.17961,0.53031,-0.12888,0.6286,0.31568,0.14808,0.68709,0.94645,0.45547,0.94948,0.071773,0.21099,0.48928,0.53641,0.32445,0.55695,0.14029,0.52165,0.8302,0.19154,0.73979,0.60715,0.72015,0.1514,0.41074,0.39878,0.11287,0.46506,1,0.32728,0.62147,0.39466,0.74457,0.42888,0.23496,0.56865,0.14603,0.30664,-0.19258,0.32352,0.49198,0.22128,0.15975,0.5791,0.22729,-0.14623,-0.044682,0.44855,0.17539,0.67018,0.42985,0.17577,0.74324,0.82613,0.79705,0.71596,0.010601,0.071847,0.50461,0.24731,0.013491,0.63588,0.14358,0.40294,0.16918,0.57928,0.51032,0.42252,0.88084,0.73231,0.27385,0.34989,0.23568,0.034598,0.19169,0.48588,0.4595,0.87969,0.1771,0.33735,0.67119,0.44988,0.40179,-0.035081,0.76038,0.6904,0.12749,-0.041532,0.69783,0.60818,0.26701,0.26821,0.31204,0.42309,0.32064,0.34382,0.43156
0.10316,0.38468,-0.13632,0.092012,0.15729,-0.62588,0.002455,0.31298,0.72785,0.20721,0.4015,0.55232,0.34763,-0.18243,0.18697,0.60612,0.071842,-0.14559,-0.01505,0.20701,0.24642,0.41714,0.16186,0.44176,0.43867,0.54103,-0.16917,0.11119,0.71677,-0.020667,0.029349,0.32728,1,0.40818,0.10322,0.33509,-0.35602,0.55551,0.59567,0.30825,0.46885,-0.51005,0.62897,0.37025,-0.13965,-0.35812,0.14059,0.54652,-0.47587,-0.20883,0.53269,0.34515,0.39561,-0.0068046,-0.37951,0.3493,0.5486,0.28126,0.65033,-0.26561,-0.1813,-0.12893,0.38303,-0.54482,0.063131,-0.37667,0.19545,0.05674,0.2695,0.12903,0.31759,0.11576,0.57512,-0.0099645,-0.022881,-0.079267,-0.19896,0.29066,-0.053848,-0.16069,0.41486,-0.03676,0.034621,0.54924,0.0024721,0.50832,-0.44255,-0.069811,0.43419,-0.16621,-0.43813,0.30648,0.11395,-0.41301,-0.056812,0.14103,0.13719,0.37499,0.3758,0.82456
0.55613,0.54528,0.48164,0.63586,0.57061,-0.24262,0.58163,0.75254,0.57233,0.67541,0.67959,0.68395,0.52958,0.0077945,0.57075,0.67869,0.59859,0.31654,0.51867,0.62325,0.74277,0.74557,0.70694,0.78468,0.74796,0.75122,0.19678,0.69744,0.67803,0.58474,0.4872,0.62147,0.40818,1,0.7315,0.74194,0.084567,0.66425,0.8338,0.57416,0.63879,-0.09986,0.59068,0.79452,0.59716,0.26009,0.7705,0.63923,-0.18488,0.28794,0.71676,0.66482,0.82879,0.50505,0.28227,0.80183,0.66817,0.6149,0.66117,0.42549,0.16084,0.41841,0.50544,-0.033256,0.46903,0.22108,0.66166,0.6106,0.63902,0.69825,0.71456,0.51639,0.62756,0.44639,0.70907,0.67538,0.25771,0.56062,0.55812,0.43421,0.67874,0.35082,0.70009,0.69343,0.59959,0.70285,0.10613,0.4475,0.63996,0.56751,0.01481,0.44096,0.5102,0.27371,0.50949,0.72388,0.60596,0.65227,0.7417,0.52757
0.50349,0.43498,0.70516,0.77146,0.7187,0.056089,0.48596,0.6054,0.35927,0.63414,0.46713,0.49166,0.35774,0.16738,0.6439,0.43028,0.5403,0.6455,0.5875,0.42119,0.75851,0.66747,0.69018,0.62955,0.7034,0.53309,0.25253,0.84103,0.46796,0.5968,0.47389,0.39466,0.10322,0.7315,1,0.58799,0.26163,0.57049,0.70863,0.47258,0.45975,0.055463,0.34545,0.62644,0.7524,0.45208,0.8121,0.48721,-0.00082758,0.53389,0.5777,0.57935,0.64437,0.59825,0.50897,0.71756,0.48519,0.36009,0.41803,0.5122,0.14972,0.64696,0.37721,0.21875,0.55091,0.41135,0.57339,0.63462,0.69223,0.63546,0.73081,0.48447,0.35649,0.71709,0.7032,0.85187,0.33934,0.49941,0.69151,0.61965,0.53198,0.30202,0.81542,0.50786,0.72436,0.53795,0.28208,0.53996,0.42475,0.74651,0.22934,0.36731,0.42812,0.49465,0.47888,0.66265,0.85387,0.52857,0.64582,0.25889
0.66636,0.34699,0.48645,0.32434,0.56611,0.012658,0.68271,0.59001,0.35189,0.64383,0.74026,0.55877,0.61697,0.022033,0.41643,0.52758,0.67101,0.39334,0.51251,0.41386,0.55838,0.68814,0.47031,0.65809,0.61732,0.68598,0.23561,0.48399,0.42188,0.42289,0.61409,0.74457,0.33509,0.74194,0.58799,1,0.25845,0.44469,0.62569,0.30545,0.44353,0.078725,0.29572,0.63571,0.55308,0.37585,0.70335,0.41752,0.016576,0.082437,0.43435,0.3413,0.76696,0.41556,0.29974,0.8118,0.70722,0.6396,0.54712,0.34844,0.13507,0.55522,0.42379,0.13738,0.51878,0.42913,0.56847,0.44328,0.56129,0.54752,0.59273,0.65276,0.52054,0.30166,0.69403,0.48694,0.26401,0.28686,0.60739,0.52416,0.82031,0.38014,0.56162,0.58653,0.64752,0.59841,0.25105,0.67248,0.52469,0.3464,0.17981,0.42313,0.67691,0.42418,0.5362,0.61154,0.53161,0.39494,0.51875,0.40294
0.52505,0.064571,0.32697,0.11055,0.63541,0.62191,0.35097,-0.15259,-0.35226,0.42634,0.37394,0.011371,0.32584,0.64979,0.096207,-0.17938,0.39035,0.48051,0.64861,-0.21165,0.17211,0.2936,-0.12984,0.14949,0.051439,0.11773,0.42362,0.24767,-0.30608,0.092298,0.29746,0.42888,-0.35602,0.084567,0.26163,0.25845,1,-0.17863,0.011124,-0.18455,-0.20626,0.34029,-0.27165,0.060427,0.34965,0.56674,0.22909,-0.17578,0.5299,0.4681,-0.14975,-0.235,0.13076,0.42358,0.57365,0.23929,0.1426,0.43688,-0.087331,0.15007,0.34543,0.73855,0.096582,0.74536,0.58625,0.48276,0.18913,0.19167,0.34809,0.34019,0.25128,0.54697,0.0057411,0.17202,0.18263,0.30029,0.43997,-0.20824,0.34971,0.7849,0.24385,0.23875,0.25341,-0.079512,0.30766,0.070289,0.55896,0.6659,0.052165,0.23242,0.49955,0.3036,0.33364,0.72996,0.27568,0.13491,0.16859,-0.074651,-0.086452,-0.066889
0.20174,0.72015,0.46829,0.61704,0.29946,-0.31255,0.26397,0.76795,0.88462,0.37411,0.41241,0.57655,0.19331,0.13621,0.72777,0.71467,0.41202,0.22448,0.31779,0.71392,0.59598,0.5527,0.76434,0.61724,0.78361,0.3652,0.23833,0.46619,0.81595,0.56552,0.50505,0.23496,0.55551,0.66425,0.57049,0.44469,-0.17863,1,0.76228,0.83717,0.78692,-0.12003,0.79833,0.83685,0.45227,0.20286,0.62163,0.86714,-0.12895,0.099654,0.74664,0.81844,0.70809,0.16217,0.27232,0.68143,0.40172,0.36108,0.63408,0.4153,0.16658,0.19526,0.78451,-0.1875,-0.010789,-0.05694,0.69206,0.69188,0.32041,0.53423,0.69735,0.055786,0.6113,0.28965,0.45242,0.47825,0.31113,0.74116,0.4355,0.025081,0.31598,0.40681,0.65862,0.60748,0.36115,0.68982,-0.16048,0.010872,0.58753,0.50428,0.068054,0.20557,0.14169,0.014585,0.52891,0.6281,0.5363,0.87488,0.82627,0.69762
0.54824,0.5917,0.34191,0.69931,0.55282,-0.45869,0.46688,0.62819,0.6722,0.69404,0.6695,0.66157,0.56726,-0.040248,0.59382,0.79366,0.47663,0.34437,0.50518,0.45092,0.79433,0.7886,0.60606,0.8341,0.84537,0.71132,0.021688,0.74856,0.83021,0.35747,0.31167,0.56865,0.59567,0.8338,0.70863,0.62569,0.011124,0.76228,1,0.60933,0.71376,-0.38969,0.7394,0.74412,0.37609,0.038934,0.67356,0.66095,-0.41301,0.26389,0.81493,0.65502,0.75873,0.52467,0.17256,0.76222,0.70492,0.53995,0.79963,0.23139,-0.058911,0.35133,0.4835,-0.28021,0.45962,-0.10809,0.56591,0.52708,0.73762,0.69975,0.70094,0.4541,0.74757,0.5354,0.42317,0.55083,0.024795,0.6436,0.48875,0.29272,0.65974,0.12488,0.60812,0.78557,0.46596,0.6763,-0.16209,0.34269,0.714,0.52543,-0.22272,0.53902,0.29662,-0.0076952,0.28021,0.5088,0.63381,0.72368,0.77992,0.69557
0.057762,0.75389,0.46388,0.62931,0.18585,-0.22136,0.18906,0.7528,0.73387,0.27343,0.31689,0.52526,0.09393,0.20213,0.78356,0.61917,0.22803,0.024341,0.24325,0.79317,0.53584,0.43008,0.74658,0.57028,0.65157,0.2133,0.37624,0.37926,0.72809,0.6095,0.53225,0.14603,0.30825,0.57416,0.47258,0.30545,-0.18455,0.83717,0.60933,1,0.71263,0.036584,0.76324,0.83375,0.48197,0.28861,0.53411,0.82678,-0.015677,0.10908,0.63559,0.8459,0.67351,0.0051992,0.32901,0.60361,0.31565,0.25297,0.51474,0.54107,0.31728,0.12911,0.7307,-0.06129,-0.18198,-0.053962,0.732,0.76311,0.15903,0.50956,0.60159,-0.07585,0.52771,0.13438,0.43565,0.4725,0.38609,0.79491,0.26807,-0.0064196,0.14216,0.47788,0.67236,0.50163,0.23758,0.64126,-0.11127,-0.063838,0.55599,0.50451,0.19286,0.071086,0.13116,0.084444,0.54644,0.64626,0.34291,0.89309,0.78802,0.46598
0.27204,0.7102,0.26842,0.57312,0.26556,-0.37867,0.27405,0.66028,0.67284,0.34093,0.44222,0.57649,0.26165,0.0416,0.49073,0.81586,0.33099,0.043586,0.23012,0.58071,0.54345,0.49521,0.73606,0.68939,0.70251,0.42582,0.076057,0.42221,0.72606,0.47636,0.28183,0.30664,0.46885,0.63879,0.45975,0.44353,-0.20626,0.78692,0.71376,0.71263,1,-0.21012,0.81487,0.71967,0.28528,0.0996,0.5711,0.71377,-0.20517,-0.0091293,0.88254,0.72041,0.73589,0.13589,0.30886,0.65312,0.47718,0.34561,0.62658,0.36733,-0.0061788,0.075082,0.61252,-0.2844,-0.003064,-0.18795,0.55334,0.58003,0.28726,0.54429,0.41993,0.12667,0.64703,0.22254,0.3077,0.43314,0.18614,0.79122,0.37013,-0.078183,0.40196,0.36305,0.49412,0.63129,0.35685,0.52446,-0.23668,0.031764,0.73007,0.43594,-0.044315,0.35875,0.18522,-0.096807,0.35824,0.51044,0.39568,0.83254,0.77034,0.60972
-0.15416,0.036875,0.43137,-0.090392,0.048257,0.86243,0.037004,0.14245,-0.16803,-0.18828,-0.2365,-0.088068,-0.35557,0.45969,0.15808,-0.34025,0.064678,-0.010695,0.10951,0.22708,-0.21429,-0.26875,0.095077,-0.23434,-0.27349,-0.30301,0.58581,-0.14108,-0.40107,0.49902,0.39689,-0.19258,-0.51005,-0.09986,0.055463,0.078725,0.34029,-0.12003,-0.38969,0.036584,-0.21012,1,-0.3482,0.086125,0.5473,0.74794,0.10049,-0.00557,0.8057,0.1928,-0.33614,-0.011991,0.00064768,-0.23941,0.54701,-0.0050643,-0.29502,-0.085244,-0.51552,0.6224,0.5313,0.21822,0.23928,0.80605,-0.18708,0.65474,0.34177,0.39211,-0.31919,-0.11711,0.06555,-0.18115,-0.39241,-0.26487,0.42756,0.32585,0.68033,-0.11571,0.0527,0.29096,-0.29849,0.53009,0.35305,-0.37423,0.23629,0.02614,0.70673,0.023588,-0.311,0.13554,0.83352,-0.47305,0.11929,0.66206,0.53872,0.35865,-0.14877,-0.10917,0.030829,-0.40509
0.17247,0.77547,0.18788,0.51979,0.19335,-0.52326,0.11761,0.56262,0.76119,0.32818,0.49267,0.63347,0.31998,0.066523,0.56187,0.78741,0.1664,-0.070082,0.20745,0.54446,0.52164,0.55148,0.59271,0.6996,0.72218,0.43644,0.076252,0.3511,0.86227,0.29896,0.27125,0.32352,0.62897,0.59068,0.34545,0.29572,-0.27165,0.79833,0.7394,0.76324,0.81487,-0.3482,1,0.7274,0.13847,-0.064997,0.43661,0.78261,-0.30774,-0.080791,0.83025,0.75156,0.66773,0.041021,0.080058,0.61032,0.51787,0.35028,0.75149,0.14995,0.046461,-0.0048774,0.63738,-0.4083,-0.085521,-0.43109,0.53212,0.49228,0.22696,0.45525,0.44804,0.074495,0.76196,0.12494,0.11175,0.2404,0.063777,0.80087,0.16471,-0.15449,0.35314,0.27112,0.41548,0.65547,0.14111,0.52042,-0.45517,-0.07095,0.76489,0.28906,-0.17433,0.36591,0.080404,-0.26652,0.22275,0.39387,0.30513,0.87024,0.76585,0.73388
0.36271,0.76527,0.62746,0.61117,0.43685,-0.14646,0.42475,0.85951,0.7068,0.50886,0.62407,0.65707,0.38013,0.24582,0.78648,0.67366,0.51721,0.1794,0.48001,0.78942,0.63424,0.67233,0.75476,0.7594,0.76718,0.48829,0.46925,0.49888,0.7295,0.69096,0.69727,0.49198,0.37025,0.79452,0.62644,0.63571,0.060427,0.83685,0.74412,0.83375,0.71967,0.086125,0.7274,1,0.63571,0.44511,0.7463,0.82675,0.039048,0.14795,0.69619,0.82449,0.88036,0.18632,0.41833,0.84349,0.55452,0.54681,0.6429,0.57872,0.36301,0.39126,0.79338,0.083776,0.11547,0.19142,0.86185,0.81606,0.34997,0.64263,0.75818,0.28827,0.67525,0.2114,0.63857,0.60961,0.46213,0.72482,0.47677,0.27745,0.46702,0.59047,0.81308,0.65107,0.49228,0.72766,0.031366,0.2796,0.7041,0.5401,0.29562,0.26123,0.44258,0.30043,0.70035,0.79129,0.48938,0.85128,0.82995,0.53469
0.23412,0.40659,0.84286,0.5413,0.5733,0.44514,0.38597,0.70007,0.28023,0.42513,0.27643,0.38832,0.076104,0.44622,0.6262,0.16867,0.54095,0.43252,0.50592,0.59118,0.48911,0.38774,0.635,0.36411,0.41046,0.29078,0.62769,0.53434,0.18854,0.81144,0.71587,0.22128,-0.13965,0.59716,0.7524,0.55308,0.34965,0.45227,0.37609,0.48197,0.28528,0.5473,0.13847,0.63571,1,0.78371,0.65742,0.48467,0.47396,0.50324,0.27199,0.50819,0.59482,0.27121,0.64985,0.5844,0.20737,0.3023,0.086835,0.72078,0.54215,0.58838,0.58282,0.59532,0.28401,0.70648,0.69848,0.80651,0.35682,0.48044,0.68648,0.25721,0.091798,0.32801,0.88678,0.83507,0.76443,0.33177,0.5366,0.67302,0.26264,0.67952,0.84385,0.22447,0.58819,0.56098,0.56336,0.41098,0.19202,0.63606,0.66328,0.012587,0.55244,0.76471,0.76874,0.84989,0.51222,0.41201,0.51671,0.045688
0.19553,0.36545,0.77502,0.2581,0.45408,0.68805,0.31228,0.41872,0.009007,0.31903,0.1859,0.16114,-0.030576,0.60609,0.41631,-0.072428,0.48554,0.35731,0.58245,0.35428,0.21898,0.19474,0.3566,0.17923,0.19054,0.02222,0.79926,0.21072,-0.13526,0.72001,0.71396,0.15975,-0.35812,0.26009,0.45208,0.37585,0.56674,0.20286,0.038934,0.28861,0.0996,0.74794,-0.064997,0.44511,0.78371,1,0.47683,0.28395,0.6703,0.34141,0.038963,0.2951,0.37775,0.13116,0.782,0.44079,0.02939,0.29471,-0.1556,0.6572,0.68626,0.64684,0.504,0.83634,0.1558,0.76454,0.66013,0.71646,0.11323,0.39784,0.43014,0.22509,-0.037569,0.038018,0.66832,0.61421,0.82761,0.14176,0.43468,0.65427,0.10113,0.73848,0.68246,-0.01778,0.50339,0.3338,0.63748,0.41194,0.068785,0.48031,0.89136,-0.029455,0.45308,0.87824,0.76639,0.65216,0.23901,0.23277,0.26391,-0.11721
0.63485,0.54258,0.66696,0.62309,0.54121,0.026097,0.62435,0.65713,0.3778,0.61492,0.634,0.46924,0.49225,0.12347,0.61252,0.58307,0.63744,0.57623,0.62193,0.51234,0.74483,0.74747,0.74086,0.69355,0.80872,0.49238,0.32602,0.66818,0.50945,0.62857,0.62857,0.5791,0.14059,0.7705,0.8121,0.70335,0.22909,0.62163,0.67356,0.53411,0.5711,0.10049,0.43661,0.7463,0.65742,0.47683,1,0.57203,0.0032933,0.2225,0.66088,0.62877,0.73528,0.50719,0.55341,0.84001,0.55472,0.54149,0.5568,0.57979,0.20137,0.5888,0.44286,0.14252,0.41674,0.37597,0.70228,0.6232,0.54708,0.71697,0.58764,0.58554,0.51281,0.52219,0.68672,0.69757,0.33277,0.58169,0.76707,0.47379,0.63882,0.41603,0.79899,0.56148,0.81469,0.55655,0.18445,0.58306,0.58769,0.64,0.25848,0.42974,0.4498,0.44805,0.64347,0.66692,0.8108,0.61629,0.70439,0.34704
0.041539,0.81587,0.52562,0.4854,0.23761,-0.26684,0.093395,0.77038,0.82799,0.30289,0.37897,0.60043,0.13834,0.28716,0.68106,0.60053,0.27379,0.092224,0.28349,0.71118,0.47587,0.50691,0.69821,0.53238,0.69246,0.35505,0.4854,0.2963,0.74711,0.66246,0.60895,0.22729,0.54652,0.63923,0.48721,0.41752,-0.17578,0.86714,0.66095,0.82678,0.71377,-0.00557,0.78261,0.82675,0.48467,0.28395,0.57203,1,0.0010439,0.022275,0.70825,0.87986,0.6681,-0.045805,0.24781,0.65737,0.402,0.30478,0.5464,0.37318,0.44742,0.18309,0.84452,-0.067842,-0.1225,-0.0051466,0.77131,0.74393,0.16891,0.44473,0.57973,0.025141,0.54494,0.050466,0.45312,0.40621,0.41993,0.67448,0.25215,0.083446,0.26718,0.57663,0.65536,0.4787,0.31779,0.70878,-0.16556,-0.0079369,0.52958,0.35535,0.19318,0.14766,0.27648,0.086956,0.56371,0.71913,0.37895,0.79863,0.71608,0.68672
-0.17525,0.12104,0.38576,-0.17158,0.16192,0.89077,-0.14753,0.0036841,-0.19208,-0.19338,-0.19518,-0.094237,-0.30771,0.79476,0.069301,-0.40904,0.043499,0.10366,0.13388,0.07232,-0.29166,-0.2195,-0.012023,-0.26535,-0.27452,-0.34217,0.67171,-0.22499,-0.44198,0.3659,0.42152,-0.14623,-0.47587,-0.18488,-0.00082758,0.016576,0.5299,-0.12895,-0.41301,-0.015677,-0.20517,0.8057,-0.30774,0.039048,0.47396,0.6703,0.0032933,0.0010439,1,0.20068,-0.32663,-0.077601,-0.035818,-0.34445,0.573,-0.014227,-0.30463,-0.084192,-0.4997,0.35729,0.63262,0.30093,0.33119,0.84664,-0.13901,0.56854,0.24695,0.35159,-0.33521,-0.19829,0.0374,-0.14104,-0.35139,-0.30749,0.23531,0.20119,0.75763,-0.18098,0.017903,0.36919,-0.28893,0.61171,0.23091,-0.43822,0.040946,-0.0030738,0.60076,0.080617,-0.26395,0.019709,0.85683,-0.35657,0.18751,0.63971,0.45959,0.3118,-0.19183,-0.086659,-0.14734,-0.23673
0.19284,0.019805,0.36053,0.62648,0.64774,0.29377,0.23884,0.11995,-0.016166,0.26933,-0.040768,0.22798,-0.054987,0.28677,0.3473,-0.019528,0.13708,0.33591,0.38536,0.071305,0.35418,0.15355,0.24309,0.12712,0.099973,0.14937,0.13031,0.58123,0.025383,0.29453,0.006851,-0.044682,-0.20883,0.28794,0.53389,0.082437,0.4681,0.099654,0.26389,0.10908,-0.0091293,0.1928,-0.080791,0.14795,0.50324,0.34141,0.2225,0.022275,0.20068,1,0.045335,0.074874,0.14645,0.55101,0.41508,0.092469,-0.046089,0.012152,-0.14451,0.38752,0.085491,0.51035,0.054272,0.46448,0.4395,0.38382,0.17838,0.4095,0.50706,0.35567,0.53201,0.10327,-0.12703,0.46234,0.3833,0.68327,0.35135,0.10437,0.32844,0.6168,-0.016052,0.050798,0.40233,-0.061074,0.25792,0.26173,0.62088,0.21111,-0.094266,0.58818,0.23212,-0.060664,0.10612,0.52256,0.16669,0.26928,0.28632,0.078551,0.23845,-0.086645
0.38157,0.72916,0.27712,0.61008,0.35933,-0.45402,0.29253,0.61071,0.64434,0.45686,0.56878,0.57285,0.42482,0.015339,0.43654,0.82992,0.32791,0.13985,0.31685,0.44259,0.62801,0.6531,0.66829,0.78079,0.80729,0.57045,0.058088,0.55147,0.7587,0.45292,0.24739,0.44855,0.53269,0.71676,0.5777,0.43435,-0.14975,0.74664,0.81493,0.63559,0.88254,-0.33614,0.83025,0.69619,0.27199,0.038963,0.66088,0.70825,-0.32663,0.045335,1,0.73997,0.71136,0.27215,0.25593,0.70548,0.6095,0.40413,0.7333,0.24651,0.0055552,0.15904,0.53429,-0.32002,0.17802,-0.21162,0.54979,0.50744,0.43613,0.57962,0.45058,0.32534,0.73577,0.36774,0.28478,0.4668,0.042521,0.76693,0.39947,0.058992,0.52496,0.27137,0.53343,0.72222,0.43314,0.50387,-0.31751,0.18336,0.79419,0.43541,-0.15854,0.49497,0.25474,-0.084022,0.24605,0.47113,0.52931,0.78204,0.75194,0.65349
0.062233,0.74399,0.57515,0.59507,0.20149,-0.28558,0.14377,0.79692,0.73245,0.33975,0.31509,0.50839,0.095137,0.16641,0.68118,0.5896,0.31802,0.14053,0.31986,0.71551,0.57268,0.48089,0.7562,0.56422,0.71006,0.32909,0.4169,0.42157,0.688,0.67736,0.54206,0.17539,0.34515,0.66482,0.57935,0.3413,-0.235,0.81844,0.65502,0.8459,0.72041,-0.011991,0.75156,0.82449,0.50819,0.2951,0.62877,0.87986,-0.077601,0.074874,0.73997,1,0.62979,0.069055,0.32311,0.62683,0.33429,0.28251,0.49817,0.47742,0.34136,0.1851,0.70049,-0.091743,-0.083214,0.028264,0.75783,0.75689,0.20861,0.51262,0.55778,0.023616,0.49252,0.21476,0.48841,0.53891,0.34981,0.77159,0.3449,0.078803,0.23502,0.47868,0.74452,0.51543,0.39439,0.60922,-0.1605,0.010381,0.55195,0.52836,0.19702,0.14697,0.2161,0.1103,0.5567,0.69873,0.46209,0.81224,0.74859,0.48362
0.5393,0.65779,0.49184,0.60014,0.57077,-0.14329,0.56899,0.79713,0.57086,0.62746,0.77739,0.75023,0.57646,0.13918,0.67363,0.69663,0.58437,0.19607,0.47008,0.6942,0.66713,0.76832,0.74098,0.8566,0.77484,0.65729,0.28993,0.58045,0.71348,0.57565,0.62016,0.67018,0.39561,0.82879,0.64437,0.76696,0.13076,0.70809,0.75873,0.67351,0.73589,0.00064768,0.66773,0.88036,0.59482,0.37775,0.73528,0.6681,-0.035818,0.14645,0.71136,0.62979,1,0.30819,0.3835,0.90192,0.72625,0.61439,0.72213,0.44674,0.20853,0.40677,0.63649,0.037268,0.31117,0.18315,0.70571,0.68401,0.48847,0.6571,0.73606,0.49313,0.74786,0.29121,0.64488,0.59888,0.37756,0.63782,0.53891,0.33943,0.6833,0.51054,0.68279,0.75569,0.5161,0.69265,0.05518,0.44336,0.78298,0.50707,0.1385,0.47332,0.61284,0.28946,0.56252,0.72087,0.53429,0.77754,0.78061,0.53419
0.74275,-0.040122,0.252,0.59926,0.60977,-0.089148,0.6945,0.10987,-0.043228,0.7128,0.42595,0.19304,0.47515,-0.20592,0.26298,0.29351,0.58464,0.6078,0.64519,-0.028952,0.668,0.53153,0.26036,0.45703,0.44824,0.48893,-0.18401,0.75292,0.18852,0.081219,0.035034,0.42985,-0.0068046,0.50505,0.59825,0.41556,0.42358,0.16217,0.52467,0.0051992,0.13589,-0.23941,0.041021,0.18632,0.27121,0.13116,0.50719,-0.045805,-0.34445,0.55101,0.27215,0.069055,0.30819,1,0.27077,0.37372,0.35599,0.4889,0.33096,0.19316,-0.24791,0.59292,-0.13615,0.034012,0.77396,0.1937,0.13903,0.13248,0.80684,0.72324,0.45257,0.61953,0.23256,0.74098,0.33509,0.51957,-0.11366,0.14464,0.64776,0.54672,0.53432,-0.21986,0.35815,0.37737,0.56297,0.22031,0.25847,0.58313,0.25812,0.62472,-0.1698,0.52822,0.19329,0.31221,0.11557,0.13061,0.65008,0.15528,0.32195,0.098829
0.34715,0.41628,0.64675,0.47674,0.49671,0.59035,0.3758,0.30233,-0.00028549,0.34144,0.20282,0.13224,0.031349,0.58833,0.42304,0.13324,0.45177,0.48403,0.5747,0.27382,0.3743,0.23851,0.43765,0.2632,0.33915,-0.023258,0.53653,0.36734,-0.024147,0.58593,0.47638,0.17577,-0.37951,0.28227,0.50897,0.29974,0.57365,0.27232,0.17256,0.32901,0.30886,0.54701,0.080058,0.41833,0.64985,0.782,0.55341,0.24781,0.573,0.41508,0.25593,0.32311,0.3835,0.27077,1,0.44133,0.030841,0.29885,-0.054011,0.66507,0.40549,0.62005,0.34938,0.65855,0.20534,0.53883,0.54201,0.64931,0.20943,0.53244,0.35649,0.22909,0.050297,0.27374,0.48028,0.66545,0.69068,0.32235,0.58943,0.53011,0.11918,0.55493,0.64831,0.074178,0.53461,0.2691,0.51921,0.40688,0.24692,0.64257,0.69283,0.12479,0.23179,0.70554,0.64888,0.5108,0.36101,0.39434,0.3874,-0.038976
0.63298,0.68564,0.60142,0.54439,0.59777,-0.075033,0.58105,0.70512,0.51212,0.70775,0.83448,0.64342,0.65559,0.20616,0.63213,0.66755,0.62556,0.40609,0.6017,0.56232,0.68768,0.85048,0.67215,0.86396,0.86179,0.64825,0.37917,0.57321,0.6457,0.56221,0.71002,0.74324,0.3493,0.80183,0.71756,0.8118,0.23929,0.68143,0.76222,0.60361,0.65312,-0.0050643,0.61032,0.84349,0.5844,0.44079,0.84001,0.65737,-0.014227,0.092469,0.70548,0.62683,0.90192,0.37372,0.44133,1,0.77716,0.64255,0.73304,0.41127,0.28116,0.56916,0.61423,0.094482,0.38897,0.23084,0.7615,0.64156,0.53865,0.68151,0.71019,0.62516,0.75542,0.35325,0.63321,0.57651,0.35292,0.59862,0.63748,0.44484,0.76903,0.5047,0.73126,0.73221,0.6266,0.62784,0.030426,0.61121,0.77347,0.49617,0.20489,0.54316,0.60417,0.38198,0.58532,0.67274,0.64577,0.72164,0.72601,0.53084
0.64645,0.45256,0.14768,0.31345,0.50279,-0.3217,0.47841,0.4085,0.36867,0.66551,0.85571,0.64229,0.81335,-0.067883,0.33522,0.62745,0.42003,0.15154,0.40872,0.22767,0.55846,0.8032,0.30429,0.85589,0.67269,0.80268,0.042851,0.45149,0.62881,0.1529,0.34514,0.82613,0.5486,0.66817,0.48519,0.70722,0.1426,0.40172,0.70492,0.31565,0.47718,-0.29502,0.51787,0.55452,0.20737,0.02939,0.55472,0.402,-0.30463,-0.046089,0.6095,0.33429,0.72625,0.35599,0.030841,0.77716,1,0.60917,0.81281,0.026698,-0.041241,0.34237,0.28882,-0.19141,0.48566,-0.052624,0.42949,0.23621,0.57177,0.49539,0.49792,0.68184,0.78435,0.2311,0.30547,0.27865,-0.0484,0.3629,0.30741,0.29777,0.82575,0.12784,0.33889,0.79486,0.37962,0.50143,-0.15882,0.56038,0.72666,0.15761,-0.19133,0.68707,0.54871,0.065888,0.16016,0.33338,0.42693,0.45423,0.48227,0.56141
0.69827,0.35404,0.28129,0.23921,0.48382,-0.096515,0.59216,0.37883,0.22027,0.71113,0.80701,0.40566,0.71016,0.15079,0.32927,0.43181,0.7332,0.33523,0.73647,0.25703,0.5304,0.69237,0.23082,0.63698,0.55825,0.6192,0.24587,0.39097,0.3969,0.22359,0.53899,0.79705,0.28126,0.6149,0.36009,0.6396,0.43688,0.36108,0.53995,0.25297,0.34561,-0.085244,0.35028,0.54681,0.3023,0.29471,0.54149,0.30478,-0.084192,0.012152,0.40413,0.28251,0.61439,0.4889,0.29885,0.64255,0.60917,1,0.60672,0.13069,0.15313,0.53905,0.37663,0.082419,0.55619,0.18769,0.48058,0.30162,0.5085,0.68055,0.45454,0.70592,0.60716,0.21119,0.43567,0.30137,0.17887,0.21412,0.4952,0.44044,0.67881,0.25878,0.43391,0.59748,0.44083,0.47008,0.019444,0.60756,0.63154,0.2729,0.089926,0.65232,0.45113,0.32898,0.48709,0.39616,0.37885,0.42109,0.39684,0.43642
0.57161,0.5563,0.11402,0.41742,0.32486,-0.56939,0.42659,0.48542,0.56594,0.60108,0.82255,0.59563,0.7398,-0.16204,0.45318,0.77504,0.3934,0.16516,0.33927,0.36449,0.66144,0.82092,0.44476,0.82546,0.79873,0.6602,-0.08233,0.45464,0.8332,0.10596,0.29613,0.71596,0.65033,0.66117,0.41803,0.54712,-0.087331,0.63408,0.79963,0.51474,0.62658,-0.51552,0.75149,0.6429,0.086835,-0.1556,0.5568,0.5464,-0.4997,-0.14451,0.7333,0.49817,0.72213,0.33096,-0.054011,0.73304,0.81281,0.60672,1,-0.0076609,-0.12942,0.17606,0.38604,-0.47466,0.31693,-0.32362,0.41424,0.25263,0.50948,0.5504,0.48334,0.53977,0.86759,0.3123,0.18531,0.17274,-0.15694,0.5775,0.33611,0.034586,0.70776,0.063415,0.3448,0.87736,0.30821,0.49889,-0.44704,0.36075,0.84058,0.21622,-0.37018,0.68759,0.32793,-0.19074,0.14972,0.27317,0.52268,0.67276,0.62642,0.7043
0.18269,0.36156,0.60291,0.55307,0.25133,0.39284,0.44819,0.59364,0.2309,0.19561,0.065914,0.25793,-0.11391,0.17976,0.57665,0.28087,0.32075,0.17305,0.29621,0.58609,0.40626,0.13946,0.6531,0.2924,0.29022,0.0031741,0.40771,0.40326,0.1721,0.7243,0.45833,0.010601,-0.26561,0.42549,0.5122,0.34844,0.15007,0.4153,0.23139,0.54107,0.36733,0.6224,0.14995,0.57872,0.72078,0.6572,0.57979,0.37318,0.35729,0.38752,0.24651,0.47742,0.44674,0.19316,0.66507,0.41127,0.026698,0.13069,-0.0076609,1,0.30675,0.29632,0.34942,0.44944,-0.014269,0.49797,0.64927,0.71938,0.14376,0.4458,0.45967,-0.012307,0.017723,0.18441,0.66881,0.70412,0.57245,0.50572,0.44142,0.26653,0.021007,0.47378,0.72089,0.15849,0.57006,0.38247,0.55635,0.13236,0.18089,0.67846,0.54918,-0.19517,0.18328,0.52544,0.70538,0.60631,0.32214,0.44862,0.5964,-0.11776
-0.14402,0.47238,0.61178,-0.019711,0.13728,0.4743,-0.097501,0.35555,0.13389,0.063311,0.10743,0.055464,-0.11028,0.68358,0.25036,-0.13736,0.14354,0.089976,0.32299,0.39886,-0.042825,0.087275,0.188,0.018412,0.080742,-0.053082,0.92705,-0.13658,-0.11301,0.63788,0.67648,0.071847,-0.1813,0.16084,0.14972,0.13507,0.34543,0.16658,-0.058911,0.31728,-0.0061788,0.5313,0.046461,0.36301,0.54215,0.68626,0.20137,0.44742,0.63262,0.085491,0.0055552,0.34136,0.20853,-0.24791,0.40549,0.28116,-0.041241,0.15313,-0.12942,0.30675,1,0.36312,0.62265,0.63159,-0.13917,0.44866,0.60967,0.57463,-0.16858,0.1175,0.25781,0.01327,-0.0071634,-0.31716,0.43472,0.23938,0.74023,0.067451,0.01707,0.42722,-0.092512,0.74876,0.45303,-0.1394,0.076039,0.25878,0.23826,0.16438,0.031309,0.076728,0.80068,-0.17403,0.42554,0.59592,0.58308,0.57351,-0.061116,0.19148,0.037452,0.045651
0.58522,0.29196,0.68423,0.38758,0.79065,0.378,0.49832,0.20486,-0.03627,0.6409,0.48372,0.21911,0.40089,0.4626,0.36758,0.091969,0.59664,0.70636,0.82047,0.062978,0.47519,0.55448,0.21796,0.36864,0.44026,0.38256,0.49539,0.50314,0.022125,0.36921,0.5651,0.50461,-0.12893,0.41841,0.64696,0.55522,0.73855,0.19526,0.35133,0.12911,0.075082,0.21822,-0.0048774,0.39126,0.58838,0.64684,0.5888,0.18309,0.30093,0.51035,0.15904,0.1851,0.40677,0.59292,0.62005,0.56916,0.34237,0.53905,0.17606,0.29632,0.36312,1,0.30644,0.58667,0.64567,0.60067,0.50462,0.44954,0.57218,0.59108,0.53375,0.63625,0.20099,0.41625,0.51464,0.60867,0.47695,0.07005,0.64363,0.90616,0.50117,0.36664,0.59152,0.16051,0.59721,0.37441,0.48664,0.77381,0.22264,0.46858,0.49805,0.3878,0.47348,0.79078,0.50983,0.43272,0.54387,0.20101,0.20285,0.1174
0.025252,0.79514,0.59796,0.30192,0.29342,0.060628,0.058258,0.71558,0.73202,0.26978,0.39305,0.49632,0.1059,0.53738,0.63009,0.42789,0.38598,0.12748,0.35666,0.68083,0.31389,0.43176,0.55717,0.43503,0.53597,0.25399,0.67442,0.15379,0.51698,0.65941,0.7548,0.24731,0.38303,0.50544,0.37721,0.42379,0.096582,0.78451,0.4835,0.7307,0.61252,0.23928,0.63738,0.79338,0.58282,0.504,0.44286,0.84452,0.33119,0.054272,0.53429,0.70049,0.63649,-0.13615,0.34938,0.61423,0.28882,0.37663,0.38604,0.34942,0.62265,0.30644,1,0.24363,-0.090013,0.19525,0.77633,0.77011,0.080931,0.34319,0.64224,0.043001,0.46432,-0.083158,0.49934,0.37098,0.6378,0.53489,0.23357,0.23283,0.20208,0.77174,0.62402,0.34903,0.16991,0.69687,0.020234,0.066909,0.45006,0.2598,0.46494,0.044746,0.37627,0.33193,0.66106,0.74332,0.23135,0.72351,0.58967,0.60614
0.076293,0.079829,0.53617,0.02436,0.41287,0.90443,0.1203,0.042909,-0.30141,0.084532,-0.054654,-0.051576,-0.15277,0.71188,0.14437,-0.40208,0.21452,0.2654,0.40216,0.017927,-0.083486,-0.059593,-0.013559,-0.12922,-0.19163,-0.1666,0.70268,0.034283,-0.45962,0.43544,0.43955,0.013491,-0.54482,-0.033256,0.21875,0.13738,0.74536,-0.1875,-0.28021,-0.06129,-0.2844,0.80605,-0.4083,0.083776,0.59532,0.83634,0.14252,-0.067842,0.84664,0.46448,-0.32002,-0.091743,0.037268,0.034012,0.65855,0.094482,-0.19141,0.082419,-0.47466,0.44944,0.63159,0.58667,0.24363,1,0.17948,0.75182,0.34711,0.41646,-0.023841,0.077819,0.22587,0.12537,-0.32392,-0.072149,0.41313,0.42687,0.744,-0.21174,0.18662,0.69383,-0.13165,0.5272,0.39876,-0.35233,0.27317,0.071875,0.79523,0.3778,-0.24609,0.23208,0.872,-0.22123,0.35352,0.88402,0.48562,0.36154,-0.023339,-0.14702,-0.11006,-0.33559
0.76102,-0.069189,0.19046,0.31463,0.70957,0.036096,0.57718,0.055875,-0.13342,0.73844,0.55792,0.23362,0.62967,-0.0047801,0.070781,0.18585,0.56077,0.63567,0.61274,-0.17124,0.56876,0.59079,0.043651,0.4428,0.33084,0.59638,-0.070988,0.65204,0.077236,-0.016275,0.1127,0.63588,0.063131,0.46903,0.55091,0.51878,0.58625,-0.010789,0.45962,-0.18198,-0.003064,-0.18708,-0.085521,0.11547,0.28401,0.1558,0.41674,-0.1225,-0.13901,0.4395,0.17802,-0.083214,0.31117,0.77396,0.20534,0.38897,0.48566,0.55619,0.31693,-0.014269,-0.13917,0.64567,-0.090013,0.17948,1,0.33096,0.061628,0.047254,0.85732,0.4916,0.39262,0.81224,0.23655,0.65925,0.34524,0.42265,-0.047007,-0.080595,0.53938,0.71268,0.67603,-0.12295,0.259,0.39864,0.49785,0.25179,0.28913,0.76823,0.26809,0.35677,-0.079291,0.607,0.44239,0.39964,0.063568,0.17523,0.55014,-0.025526,0.1165,0.1491
0.19103,-0.074013,0.62417,0.080444,0.42644,0.64046,0.31182,0.29144,-0.18428,0.17947,0.049232,0.013791,-0.03553,0.32454,0.13122,-0.25618,0.43393,0.42318,0.3867,0.19063,0.079767,0.069539,0.16841,-0.044278,-0.028465,0.086883,0.54073,0.1748,-0.34296,0.55072,0.50491,0.14358,-0.37667,0.22108,0.41135,0.42913,0.48276,-0.05694,-0.10809,-0.053962,-0.18795,0.65474,-0.43109,0.19142,0.70648,0.76454,0.37597,-0.0051466,0.56854,0.38382,-0.21162,0.028264,0.18315,0.1937,0.53883,0.23084,-0.052624,0.18769,-0.32362,0.49797,0.44866,0.60067,0.19525,0.75182,0.33096,1,0.37237,0.41848,0.17945,0.14992,0.31684,0.27878,-0.27265,0.1456,0.71502,0.54994,0.61409,-0.18762,0.45157,0.72144,0.1436,0.47608,0.47528,-0.15431,0.5209,0.23236,0.76937,0.49288,-0.21697,0.33831,0.71843,-0.164,0.50167,0.87172,0.61223,0.54032,0.2393,-0.15893,-0.047847,-0.3201
0.28189,0.76377,0.71912,0.47884,0.39674,0.11884,0.4047,0.76744,0.57259,0.44804,0.50057,0.50066,0.2443,0.39884,0.68972,0.48872,0.47179,0.1952,0.56159,0.67228,0.51423,0.56697,0.63119,0.59835,0.63447,0.35485,0.71914,0.35507,0.48793,0.78909,0.76665,0.40294,0.19545,0.66166,0.57339,0.56847,0.18913,0.69206,0.56591,0.732,0.55334,0.34177,0.53212,0.86185,0.69848,0.66013,0.70228,0.77131,0.24695,0.17838,0.54979,0.75783,0.70571,0.13903,0.54201,0.7615,0.42949,0.48058,0.41424,0.64927,0.60967,0.50462,0.77633,0.34711,0.061628,0.37237,1,0.85178,0.25241,0.59464,0.66267,0.25986,0.47851,0.063653,0.68123,0.61281,0.6234,0.60022,0.40094,0.42241,0.34048,0.69126,0.84025,0.44241,0.56012,0.6571,0.21319,0.3273,0.53715,0.4737,0.52187,0.11537,0.45297,0.51998,0.77799,0.76324,0.3859,0.67638,0.67918,0.39977
0.13504,0.71395,0.75316,0.63787,0.48166,0.18423,0.31355,0.7738,0.51523,0.37065,0.30154,0.54561,0.038248,0.47744,0.76014,0.40138,0.41155,0.22145,0.48767,0.72243,0.5083,0.44165,0.73298,0.48581,0.55287,0.24392,0.68539,0.45253,0.4504,0.83887,0.69532,0.16918,0.05674,0.6106,0.63462,0.44328,0.19167,0.69188,0.52708,0.76311,0.58003,0.39211,0.49228,0.81606,0.80651,0.71646,0.6232,0.74393,0.35159,0.4095,0.50744,0.75689,0.68401,0.13248,0.64931,0.64156,0.23621,0.30162,0.25263,0.71938,0.57463,0.44954,0.77011,0.41646,0.047254,0.41848,0.85178,1,0.25286,0.55515,0.70659,0.07819,0.32678,0.18122,0.70253,0.73741,0.74377,0.61661,0.44397,0.43225,0.17904,0.73469,0.841,0.31719,0.47457,0.63849,0.34393,0.18053,0.41126,0.64656,0.59223,0.03886,0.38347,0.54397,0.76293,0.82417,0.38865,0.71142,0.69271,0.29128
0.7133,0.17102,0.27323,0.60779,0.73156,-0.20327,0.60222,0.27956,0.20091,0.81192,0.58297,0.4149,0.59386,-0.098011,0.29926,0.50559,0.53935,0.61073,0.59277,0.062897,0.77053,0.69732,0.31152,0.62099,0.57241,0.64213,-0.099767,0.79314,0.40464,0.11841,0.16147,0.57928,0.2695,0.63902,0.69223,0.56129,0.34809,0.32041,0.73762,0.15903,0.28726,-0.31919,0.22696,0.34997,0.35682,0.11323,0.54708,0.16891,-0.33521,0.50706,0.43613,0.20861,0.48847,0.80684,0.20943,0.53865,0.57177,0.5085,0.50948,0.14376,-0.16858,0.57218,0.080931,-0.023841,0.85732,0.17945,0.25241,0.25286,1,0.67096,0.60231,0.67658,0.39942,0.71539,0.42538,0.5505,-0.038565,0.25995,0.58892,0.5914,0.6946,-0.09316,0.41432,0.57283,0.49813,0.49659,0.14899,0.62818,0.42014,0.51771,-0.18026,0.58718,0.37582,0.25906,0.13649,0.31435,0.6447,0.27704,0.40567,0.35622
0.65815,0.47742,0.46763,0.72584,0.55661,-0.15425,0.65401,0.50018,0.28145,0.81209,0.60131,0.41178,0.47331,0.06654,0.58282,0.57599,0.74853,0.46757,0.77214,0.37659,0.80355,0.66166,0.55577,0.69488,0.69998,0.47322,0.19972,0.66307,0.5096,0.44567,0.41424,0.51032,0.12903,0.69825,0.63546,0.54752,0.34019,0.53423,0.69975,0.50956,0.54429,-0.11711,0.45525,0.64263,0.48044,0.39784,0.71697,0.44473,-0.19829,0.35567,0.57962,0.51262,0.6571,0.72324,0.53244,0.68151,0.49539,0.68055,0.5504,0.4458,0.1175,0.59108,0.34319,0.077819,0.4916,0.14992,0.59464,0.55515,0.67096,1,0.57835,0.52881,0.49462,0.4808,0.50715,0.61279,0.19878,0.52355,0.63561,0.45801,0.5331,0.25262,0.63503,0.58533,0.55508,0.56508,0.094251,0.50951,0.60638,0.71699,0.080893,0.58347,0.33007,0.36188,0.5267,0.50306,0.59824,0.62278,0.63058,0.35769
0.39945,0.48489,0.60428,0.69483,0.69513,-0.0044817,0.46986,0.69052,0.59967,0.58237,0.53651,0.61409,0.3582,0.2448,0.75634,0.46422,0.50023,0.36907,0.51618,0.57472,0.63501,0.6491,0.60178,0.66589,0.6321,0.56321,0.34864,0.67288,0.59248,0.5468,0.55679,0.42252,0.31759,0.71456,0.73081,0.59273,0.25128,0.69735,0.70094,0.60159,0.41993,0.06555,0.44804,0.75818,0.68648,0.43014,0.58764,0.57973,0.0374,0.53201,0.45058,0.55778,0.73606,0.45257,0.35649,0.71019,0.49792,0.45454,0.48334,0.45967,0.25781,0.53375,0.64224,0.22587,0.39262,0.31684,0.66267,0.70659,0.60231,0.57835,1,0.3447,0.49992,0.45106,0.66738,0.715,0.44635,0.46888,0.51643,0.53842,0.45757,0.36837,0.7394,0.55067,0.43173,0.69621,0.28247,0.3751,0.42644,0.61585,0.21755,0.2042,0.4382,0.45216,0.53029,0.68127,0.54982,0.60262,0.66749,0.43401
0.84815,0.14553,0.27478,0.1873,0.60694,-0.010499,0.64702,0.17199,-0.10167,0.74445,0.82072,0.28748,0.84942,0.027772,0.096374,0.29277,0.59875,0.54825,0.63893,-0.079061,0.55523,0.76625,0.1203,0.58733,0.49727,0.65739,0.089002,0.48437,0.17312,0.067172,0.36786,0.88084,0.11576,0.51639,0.48447,0.65276,0.54697,0.055786,0.4541,-0.07585,0.12667,-0.18115,0.074495,0.28827,0.25721,0.22509,0.58554,0.025141,-0.14104,0.10327,0.32534,0.023616,0.49313,0.61953,0.22909,0.62516,0.68184,0.70592,0.53977,-0.012307,0.01327,0.63625,0.043001,0.12537,0.81224,0.27878,0.25986,0.07819,0.67658,0.52881,0.3447,1,0.49655,0.46098,0.35405,0.30161,-0.0077325,0.030556,0.5785,0.62045,0.84758,0.075753,0.30039,0.51677,0.55715,0.25221,0.091261,0.89926,0.51316,0.218,-0.023088,0.74755,0.61835,0.38868,0.19968,0.21808,0.56319,0.11166,0.1693,0.2286
0.54871,0.6157,0.12653,0.37496,0.33824,-0.45626,0.38948,0.46302,0.55823,0.50553,0.82875,0.58929,0.73895,0.0048622,0.42153,0.72046,0.3223,0.061131,0.35408,0.39887,0.52376,0.78183,0.39646,0.85569,0.77405,0.64222,0.056473,0.40119,0.76155,0.17192,0.3316,0.73231,0.57512,0.62756,0.35649,0.52054,0.0057411,0.6113,0.74757,0.52771,0.64703,-0.39241,0.76196,0.67525,0.091798,-0.037569,0.51281,0.54494,-0.35139,-0.12703,0.73577,0.49252,0.74786,0.23256,0.050297,0.75542,0.78435,0.60716,0.86759,0.017723,-0.0071634,0.20099,0.46432,-0.32392,0.23655,-0.27265,0.47851,0.32678,0.39942,0.49462,0.49992,0.49655,1,0.22125,0.17044,0.20382,-0.035768,0.56014,0.32315,0.061266,0.65551,0.16329,0.36001,0.78524,0.26822,0.43255,-0.35545,0.3165,0.83799,0.21107,-0.22408,0.58171,0.29003,-0.10821,0.16683,0.29395,0.36121,0.70176,0.61943,0.65571
0.55846,-0.0016803,0.33583,0.64239,0.50814,-0.11903,0.49969,0.21686,0.10431,0.51992,0.29166,0.1501,0.34257,-0.17976,0.32408,0.3104,0.41026,0.68905,0.37088,0.08297,0.67947,0.48211,0.39911,0.39072,0.51475,0.3511,-0.24561,0.82687,0.27823,0.11371,0.0395,0.27385,-0.0099645,0.44639,0.71709,0.30166,0.17202,0.28965,0.5354,0.13438,0.22254,-0.26487,0.12494,0.2114,0.32801,0.038018,0.52219,0.050466,-0.30749,0.46234,0.36774,0.21476,0.29121,0.74098,0.27374,0.35325,0.2311,0.21119,0.3123,0.18441,-0.31716,0.41625,-0.083158,-0.072149,0.65925,0.1456,0.063653,0.18122,0.71539,0.4808,0.45106,0.46098,0.22125,1,0.3469,0.55566,-0.13454,0.2721,0.68425,0.37262,0.43255,-0.20177,0.41892,0.40842,0.54523,0.16588,0.1215,0.43881,0.24639,0.66417,-0.17522,0.37533,0.089955,0.16633,0.036008,0.20982,0.78611,0.26557,0.3949,0.08706
0.34789,0.30047,0.76617,0.47418,0.49231,0.24757,0.54604,0.77157,0.3112,0.46366,0.37533,0.40127,0.17244,0.1281,0.53855,0.25283,0.64769,0.40681,0.46708,0.67055,0.50296,0.43572,0.64798,0.41993,0.44834,0.41121,0.47711,0.50344,0.23742,0.79871,0.66438,0.34989,-0.022881,0.70907,0.7032,0.69403,0.18263,0.45242,0.42317,0.43565,0.3077,0.42756,0.11175,0.63857,0.88678,0.66832,0.68672,0.45312,0.23531,0.3833,0.28478,0.48841,0.64488,0.33509,0.48028,0.63321,0.30547,0.43567,0.18531,0.66881,0.43472,0.51464,0.49934,0.41313,0.34524,0.71502,0.68123,0.70253,0.42538,0.50715,0.66738,0.35405,0.17044,0.3469,1,0.77417,0.57095,0.31365,0.58677,0.60118,0.40392,0.56942,0.76788,0.35209,0.63778,0.57194,0.49893,0.48871,0.23794,0.59485,0.4817,0.020304,0.60818,0.6631,0.74816,0.83809,0.5151,0.36355,0.50191,0.051996
0.38684,0.38732,0.693,0.7778,0.6938,0.24839,0.47556,0.60965,0.27843,0.50271,0.28238,0.46813,0.14024,0.23433,0.60562,0.33269,0.49061,0.4556,0.55982,0.48768,0.6242,0.45314,0.67078,0.51718,0.49872,0.41457,0.34919,0.75166,0.31141,0.72785,0.42203,0.23568,-0.079267,0.67538,0.85187,0.48694,0.30029,0.47825,0.55083,0.4725,0.43314,0.32585,0.2404,0.60961,0.83507,0.61421,0.69757,0.40621,0.20119,0.68327,0.4668,0.53891,0.59888,0.51957,0.66545,0.57651,0.27865,0.30137,0.17274,0.70412,0.23938,0.60867,0.37098,0.42687,0.42265,0.54994,0.61281,0.73741,0.5505,0.61279,0.715,0.30161,0.20382,0.55566,0.77417,1,0.52093,0.46693,0.63556,0.62875,0.31754,0.4147,0.83069,0.35436,0.65185,0.5078,0.53238,0.4173,0.30578,0.80982,0.41203,0.14118,0.37876,0.62781,0.58316,0.7141,0.60014,0.4761,0.63987,0.077237
-0.020497,0.45501,0.68801,0.22502,0.40765,0.62475,0.072893,0.43491,0.17737,0.13,0.079465,0.25659,-0.14667,0.7547,0.44746,-0.050857,0.29218,0.22909,0.38049,0.4888,0.10059,0.10954,0.41003,0.085131,0.14604,-0.021318,0.84714,0.081364,-0.021918,0.67693,0.67127,0.034598,-0.19896,0.25771,0.33934,0.26401,0.43997,0.31113,0.024795,0.38609,0.18614,0.68033,0.063777,0.46213,0.76443,0.82761,0.33277,0.41993,0.75763,0.35135,0.042521,0.34981,0.37756,-0.11366,0.69068,0.35292,-0.0484,0.17887,-0.15694,0.57245,0.74023,0.47695,0.6378,0.744,-0.047007,0.61409,0.6234,0.74377,-0.038565,0.19878,0.44635,-0.0077325,-0.035768,-0.13454,0.57095,0.52093,1,0.18593,0.28673,0.49393,-0.033286,0.78974,0.57379,-0.089141,0.27584,0.39747,0.54496,0.17355,0.033283,0.34756,0.86503,-0.14279,0.35935,0.71375,0.74371,0.66216,0.099024,0.32225,0.26279,0.039827
0.2057,0.74471,0.35838,0.70354,0.21099,-0.29945,0.27033,0.61601,0.60283,0.29805,0.35688,0.53037,0.1799,0.033798,0.62496,0.77889,0.18789,0.049147,0.20617,0.64,0.59226,0.46157,0.7632,0.65377,0.68691,0.25122,0.12529,0.48039,0.73035,0.477,0.2899,0.19169,0.29066,0.56062,0.49941,0.28686,-0.20824,0.74116,0.6436,0.79491,0.79122,-0.11571,0.80087,0.72482,0.33177,0.14176,0.58169,0.67448,-0.18098,0.10437,0.76693,0.77159,0.63782,0.14464,0.32235,0.59862,0.3629,0.21412,0.5775,0.50572,0.067451,0.07005,0.53489,-0.21174,-0.080595,-0.18762,0.60022,0.61661,0.25995,0.52355,0.46888,0.030556,0.56014,0.2721,0.31365,0.46693,0.18593,1,0.32671,-0.070591,0.24345,0.29448,0.57619,0.5499,0.34318,0.41659,-0.18548,-0.016168,0.71414,0.53961,0.015702,0.20763,0.064118,-0.051967,0.34194,0.47329,0.42036,0.85849,0.81865,0.42684
0.7087,0.20523,0.60444,0.56797,0.565,0.12033,0.69846,0.42415,0.14347,0.58041,0.48051,0.21378,0.3938,0.062531,0.40583,0.36874,0.68711,0.75449,0.61999,0.30304,0.61939,0.57776,0.58767,0.47667,0.66263,0.32025,0.13563,0.65068,0.23915,0.42147,0.45055,0.48588,-0.053848,0.55812,0.69151,0.60739,0.34971,0.4355,0.48875,0.26807,0.37013,0.0527,0.16471,0.47677,0.5366,0.43468,0.76707,0.25215,0.017903,0.32844,0.39947,0.3449,0.53891,0.64776,0.58943,0.63748,0.30741,0.4952,0.33611,0.44142,0.01707,0.64363,0.23357,0.18662,0.53938,0.45157,0.40094,0.44397,0.58892,0.63561,0.51643,0.5785,0.32315,0.68425,0.58677,0.63556,0.28673,0.32671,1,0.49586,0.59777,0.23161,0.61446,0.38087,0.74841,0.32619,0.27971,0.64442,0.38986,0.70374,0.21956,0.39189,0.3215,0.46882,0.49313,0.45507,0.76908,0.43051,0.49975,0.16977
0.50547,0.1657,0.61312,0.32952,0.81173,0.44385,0.41352,0.18038,-0.11622,0.58517,0.39885,0.25034,0.34664,0.47752,0.26882,-0.022332,0.51575,0.59597,0.72778,0.03154,0.40277,0.47113,0.11648,0.29972,0.2471,0.42252,0.50696,0.49631,-0.089343,0.40254,0.48291,0.4595,-0.16069,0.43421,0.61965,0.52416,0.7849,0.025081,0.29272,-0.0064196,-0.078183,0.29096,-0.15449,0.27745,0.67302,0.65427,0.47379,0.083446,0.36919,0.6168,0.058992,0.078803,0.33943,0.54672,0.53011,0.44484,0.29777,0.44044,0.034586,0.26653,0.42722,0.90616,0.23283,0.69383,0.71268,0.72144,0.42241,0.43225,0.5914,0.45801,0.53842,0.62045,0.061266,0.37262,0.60118,0.62875,0.49393,-0.070591,0.49586,1,0.43451,0.36034,0.54647,0.084774,0.54398,0.37371,0.61338,0.7431,0.093305,0.4017,0.4995,0.28376,0.61793,0.86654,0.43669,0.49546,0.41983,0.012938,0.088911,0.02293
0.76994,0.28678,0.27069,0.28381,0.57218,-0.24406,0.64596,0.37993,0.2294,0.74113,0.8593,0.50036,0.84857,-0.12808,0.19718,0.57007,0.60437,0.44403,0.51048,0.1168,0.60721,0.82254,0.32682,0.72982,0.65655,0.80148,-0.0035911,0.52408,0.44562,0.11962,0.41013,0.87969,0.41486,0.67874,0.53198,0.82031,0.24385,0.31598,0.65974,0.14216,0.40196,-0.29849,0.35314,0.46702,0.26264,0.10113,0.63882,0.26718,-0.28893,-0.016052,0.52496,0.23502,0.6833,0.53432,0.11918,0.76903,0.82575,0.67881,0.70776,0.021007,-0.092512,0.50117,0.20208,-0.13165,0.67603,0.1436,0.34048,0.17904,0.6946,0.5331,0.45757,0.84758,0.65551,0.43255,0.40392,0.31754,-0.033286,0.24345,0.59777,0.43451,1,0.12505,0.35605,0.68117,0.54973,0.45445,-0.05857,0.72806,0.6377,0.22632,-0.14196,0.72105,0.62571,0.19991,0.23281,0.36422,0.58564,0.32248,0.38479,0.48271
-0.026152,0.59969,0.67895,0.14353,0.25556,0.38728,0.038379,0.59862,0.30786,0.14817,0.25479,0.31131,-0.0175,0.60245,0.38446,0.13121,0.39283,0.087578,0.32267,0.58172,0.097333,0.22522,0.46518,0.22969,0.26858,0.088751,0.83107,-0.0022363,0.10952,0.76428,0.75451,0.1771,-0.03676,0.35082,0.30202,0.38014,0.23875,0.40681,0.12488,0.47788,0.36305,0.53009,0.27112,0.59047,0.67952,0.73848,0.41603,0.57663,0.61171,0.050798,0.27137,0.47868,0.51054,-0.21986,0.55493,0.5047,0.12784,0.25878,0.063415,0.47378,0.74876,0.36664,0.77174,0.5272,-0.12295,0.47608,0.69126,0.73469,-0.09316,0.25262,0.36837,0.075753,0.16329,-0.20177,0.56942,0.4147,0.78974,0.29448,0.23161,0.36034,0.12505,1,0.57083,0.10228,0.23988,0.44935,0.24208,0.18904,0.27166,0.22131,0.76548,-0.047292,0.5367,0.57389,0.74304,0.75506,0.10398,0.41852,0.32416,0.19784
0.37573,0.60672,0.83288,0.68572,0.5427,0.20102,0.48285,0.75495,0.47733,0.5248,0.42031,0.44699,0.20991,0.34329,0.76173,0.41539,0.54299,0.45304,0.61145,0.62395,0.647,0.57709,0.72047,0.5794,0.66388,0.35174,0.58234,0.65027,0.44297,0.79062,0.69748,0.33735,0.034621,0.70009,0.81542,0.56162,0.25341,0.65862,0.60812,0.67236,0.49412,0.35305,0.41548,0.81308,0.84385,0.68246,0.79899,0.65536,0.23091,0.40233,0.53343,0.74452,0.68279,0.35815,0.64831,0.73126,0.33889,0.43391,0.3448,0.72089,0.45303,0.59152,0.62402,0.39876,0.259,0.47528,0.84025,0.841,0.41432,0.63503,0.7394,0.30039,0.36001,0.41892,0.76788,0.83069,0.57379,0.57619,0.61446,0.54647,0.35605,0.57083,1,0.43038,0.7112,0.60884,0.32864,0.39846,0.43354,0.72169,0.51565,0.13934,0.39764,0.60666,0.74804,0.79652,0.63972,0.64391,0.72384,0.24599
0.57332,0.48013,0.14999,0.46968,0.37143,-0.46625,0.48507,0.59051,0.54466,0.6598,0.7705,0.58504,0.65308,-0.21403,0.43821,0.7363,0.47973,0.16957,0.32963,0.41525,0.69121,0.7554,0.47275,0.8625,0.74297,0.68999,-0.070223,0.54521,0.77008,0.23406,0.28835,0.67119,0.54924,0.69343,0.50786,0.58653,-0.079512,0.60748,0.78557,0.50163,0.63129,-0.37423,0.65547,0.65107,0.22447,-0.01778,0.56148,0.4787,-0.43822,-0.061074,0.72222,0.51543,0.75569,0.37737,0.074178,0.73221,0.79486,0.59748,0.87736,0.15849,-0.1394,0.16051,0.34903,-0.35233,0.39864,-0.15431,0.44241,0.31719,0.57283,0.58533,0.55067,0.51677,0.78524,0.40842,0.35209,0.35436,-0.089141,0.5499,0.38087,0.084774,0.68117,0.10228,0.43038,1,0.39657,0.54678,-0.29852,0.38741,0.8135,0.35617,-0.28154,0.64148,0.41333,-0.069499,0.22438,0.37873,0.51961,0.63739,0.64978,0.56763
0.64732,0.28919,0.60729,0.47617,0.52268,0.19389,0.66893,0.45943,0.16068,0.51643,0.43636,0.31595,0.35329,0.030316,0.39338,0.37538,0.57828,0.57439,0.56999,0.30135,0.59112,0.52747,0.54676,0.47923,0.57328,0.40482,0.24054,0.61454,0.23296,0.53832,0.45685,0.44988,0.0024721,0.59959,0.72436,0.64752,0.30766,0.36115,0.46596,0.23758,0.35685,0.23629,0.14111,0.49228,0.58819,0.50339,0.81469,0.31779,0.040946,0.25792,0.43314,0.39439,0.5161,0.56297,0.53461,0.6266,0.37962,0.44083,0.30821,0.57006,0.076039,0.59721,0.16991,0.27317,0.49785,0.5209,0.56012,0.47457,0.49813,0.55508,0.43173,0.55715,0.26822,0.54523,0.63778,0.65185,0.27584,0.34318,0.74841,0.54398,0.54973,0.23988,0.7112,0.39657,1,0.35214,0.40078,0.60799,0.35337,0.60115,0.28535,0.30924,0.37434,0.52509,0.5315,0.47013,0.72834,0.32012,0.52574,0.114
0.26997,0.55811,0.45105,0.47729,0.50206,-0.16191,0.29988,0.68859,0.68605,0.51903,0.47593,0.65737,0.28951,0.18412,0.62574,0.56958,0.44673,0.20699,0.4353,0.55063,0.59654,0.56054,0.53007,0.55382,0.57513,0.53083,0.34528,0.4229,0.6376,0.52442,0.53932,0.40179,0.50832,0.70285,0.53795,0.59841,0.070289,0.68982,0.6763,0.64126,0.52446,0.02614,0.52042,0.72766,0.56098,0.3338,0.55655,0.70878,-0.0030738,0.26173,0.50387,0.60922,0.69265,0.22031,0.2691,0.62784,0.50143,0.47008,0.49889,0.38247,0.25878,0.37441,0.69687,0.071875,0.25179,0.23236,0.6571,0.63849,0.49659,0.56508,0.69621,0.25221,0.43255,0.16588,0.57194,0.5078,0.39747,0.41659,0.32619,0.37371,0.45445,0.44935,0.60884,0.54678,0.35214,1,0.10666,0.24906,0.43098,0.35281,0.17409,0.22886,0.45726,0.27167,0.58282,0.71311,0.38102,0.5788,0.60011,0.62019
0.17893,-0.15008,0.38554,0.15802,0.43973,0.72547,0.33994,0.055223,-0.25908,0.050399,-0.12336,0.065819,-0.15286,0.3287,0.15695,-0.29124,0.21763,0.22476,0.28176,0.044534,0.01666,-0.077312,0.07887,-0.11742,-0.20191,-0.031703,0.33728,0.22164,-0.36036,0.36085,0.21047,-0.035081,-0.44255,0.10613,0.28208,0.25105,0.55896,-0.16048,-0.16209,-0.11127,-0.23668,0.70673,-0.45517,0.031366,0.56336,0.63748,0.18445,-0.16556,0.60076,0.62088,-0.31751,-0.1605,0.05518,0.25847,0.51921,0.030426,-0.15882,0.019444,-0.44704,0.55635,0.23826,0.48664,0.020234,0.79523,0.28913,0.76937,0.21319,0.34393,0.14899,0.094251,0.28247,0.091261,-0.35545,0.1215,0.49893,0.53238,0.54496,-0.18548,0.27971,0.61338,-0.05857,0.24208,0.32864,-0.29852,0.40078,0.10666,1,0.28292,-0.32848,0.35069,0.60329,-0.29164,0.21626,0.75063,0.3926,0.2964,0.060103,-0.20663,0.009415,-0.37113
0.8022,0.12168,0.45095,0.2153,0.65287,0.21098,0.64445,0.17534,-0.18455,0.70522,0.69689,0.20393,0.67729,0.16405,0.13847,0.16662,0.59108,0.649,0.67122,-0.032343,0.49719,0.6552,0.12961,0.4748,0.42462,0.50776,0.23887,0.44642,0.033114,0.18672,0.46291,0.76038,-0.069811,0.4475,0.53996,0.67248,0.6659,0.010872,0.34269,-0.063838,0.031764,0.023588,-0.07095,0.2796,0.41098,0.41194,0.58306,-0.0079369,0.080617,0.21111,0.18336,0.010381,0.44336,0.58313,0.40688,0.61121,0.56038,0.60756,0.36075,0.13236,0.16438,0.77381,0.066909,0.3778,0.76823,0.49288,0.3273,0.18053,0.62818,0.50951,0.3751,0.89926,0.3165,0.43881,0.48871,0.4173,0.17355,-0.016168,0.64442,0.7431,0.72806,0.18904,0.39846,0.38741,0.60799,0.24906,0.28292,1,0.39199,0.30142,0.19977,0.59305,0.64689,0.59507,0.32741,0.29817,0.55995,0.063405,0.11619,0.068921
0.5686,0.6808,0.1988,0.47248,0.35008,-0.37324,0.44295,0.53566,0.45126,0.58751,0.7985,0.58996,0.65437,0.037478,0.43135,0.78397,0.41222,0.10954,0.40742,0.41652,0.60862,0.73753,0.51804,0.86254,0.75897,0.56012,0.081515,0.43495,0.73162,0.26893,0.3318,0.6904,0.43419,0.63996,0.42475,0.52469,0.052165,0.58753,0.714,0.55599,0.73007,-0.311,0.76489,0.7041,0.19202,0.068785,0.58769,0.52958,-0.26395,-0.094266,0.79419,0.55195,0.78298,0.25812,0.24692,0.77347,0.72666,0.63154,0.84058,0.18089,0.031309,0.22264,0.45006,-0.24609,0.26809,-0.21697,0.53715,0.41126,0.42014,0.60638,0.42644,0.51316,0.83799,0.24639,0.23794,0.30578,0.033283,0.71414,0.38986,0.093305,0.6377,0.27166,0.43354,0.8135,0.35337,0.43098,-0.32848,0.39199,1,0.32672,-0.13545,0.64834,0.39438,-0.032622,0.26674,0.37078,0.4123,0.75508,0.66838,0.57527
0.41453,0.2814,0.58914,0.85443,0.50455,0.091601,0.55622,0.52144,0.22755,0.53426,0.21664,0.29648,0.079625,0.08802,0.63795,0.33287,0.52414,0.51986,0.53759,0.46485,0.68588,0.37982,0.69946,0.47489,0.5614,0.20341,0.17138,0.76679,0.33997,0.55006,0.34509,0.12749,-0.16621,0.56751,0.74651,0.3464,0.23242,0.50428,0.52543,0.50451,0.43594,0.13554,0.28906,0.5401,0.63606,0.48031,0.64,0.35535,0.019709,0.58818,0.43541,0.52836,0.50707,0.62472,0.64257,0.49617,0.15761,0.2729,0.21622,0.67846,0.076728,0.46858,0.2598,0.23208,0.35677,0.33831,0.4737,0.64656,0.51771,0.71699,0.61585,0.218,0.21107,0.66417,0.59485,0.80982,0.34756,0.53961,0.70374,0.4017,0.22632,0.22131,0.72169,0.35617,0.60115,0.35281,0.35069,0.30142,0.32672,1,0.2409,0.19168,0.14279,0.4233,0.49307,0.5283,0.64225,0.56555,0.65821,0.035485
-0.075871,0.28543,0.69549,0.028778,0.25535,0.80714,-0.0044627,0.24481,-0.074375,0.0049954,-0.061115,0.0036463,-0.23371,0.71968,0.27443,-0.25611,0.27223,0.22144,0.3645,0.25255,-0.061457,-0.056844,0.17712,-0.088618,-0.047026,-0.21325,0.85022,-0.053998,-0.29699,0.61935,0.63478,-0.041532,-0.43813,0.01481,0.22934,0.17981,0.49955,0.068054,-0.22272,0.19286,-0.044315,0.83352,-0.17433,0.29562,0.66328,0.89136,0.25848,0.19318,0.85683,0.23212,-0.15854,0.19702,0.1385,-0.1698,0.69283,0.20489,-0.19133,0.089926,-0.37018,0.54918,0.80068,0.49805,0.46494,0.872,-0.079291,0.71843,0.52187,0.59223,-0.18026,0.080893,0.21755,-0.023088,-0.22408,-0.17522,0.4817,0.41203,0.86503,0.015702,0.21956,0.4995,-0.14196,0.76548,0.51565,-0.28154,0.28535,0.17409,0.60329,0.19977,-0.13545,0.2409,1,-0.27121,0.27997,0.7961,0.68347,0.53938,0.018619,0.089305,0.059149,-0.21766
0.67258,0.27988,0.050866,0.26009,0.4701,-0.30568,0.37857,0.10434,0.028418,0.7518,0.73623,0.37987,0.73947,-0.021875,0.13512,0.4159,0.53733,0.40657,0.55832,-0.079171,0.59096,0.71574,0.15689,0.63161,0.55086,0.60741,-0.1041,0.42225,0.39547,-0.096795,0.16862,0.69783,0.30648,0.44096,0.36731,0.42313,0.3036,0.20557,0.53902,0.071086,0.35875,-0.47305,0.36591,0.26123,0.012587,-0.029455,0.42974,0.14766,-0.35657,-0.060664,0.49497,0.14697,0.47332,0.52822,0.12479,0.54316,0.68707,0.65232,0.68759,-0.19517,-0.17403,0.3878,0.044746,-0.22123,0.607,-0.164,0.11537,0.03886,0.58718,0.58347,0.2042,0.74755,0.58171,0.37533,0.020304,0.14118,-0.14279,0.20763,0.39189,0.28376,0.72105,-0.047292,0.13934,0.64148,0.30924,0.22886,-0.29164,0.59305,0.64834,0.19168,-0.27121,1,0.38402,0.014214,0.042457,0.064622,0.50348,0.33452,0.2425,0.43702
0.38296,0.27491,0.45754,0.1211,0.50722,0.1144,0.36703,0.5375,0.092885,0.50993,0.59082,0.42005,0.46534,0.19813,0.14237,0.17345,0.51217,0.20416,0.36066,0.22687,0.31603,0.52164,0.30676,0.44168,0.30351,0.5654,0.44177,0.24489,0.13152,0.44837,0.58464,0.60818,0.11395,0.5102,0.42812,0.67691,0.33364,0.14169,0.29662,0.13116,0.18522,0.11929,0.080404,0.44258,0.55244,0.45308,0.4498,0.27648,0.18751,0.10612,0.25474,0.2161,0.61284,0.19329,0.23179,0.60417,0.54871,0.45113,0.32793,0.18328,0.42554,0.47348,0.37627,0.35352,0.44239,0.50167,0.45297,0.38347,0.37582,0.33007,0.4382,0.61835,0.29003,0.089955,0.60818,0.37876,0.35935,0.064118,0.3215,0.61793,0.62571,0.5367,0.39764,0.41333,0.37434,0.45726,0.21626,0.64689,0.39438,0.14279,0.27997,0.38402,1,0.53138,0.44016,0.57201,0.30829,0.14486,0.11544,0.16928
0.31107,0.17044,0.72162,0.24553,0.58872,0.72215,0.37281,0.27993,-0.17153,0.3707,0.22318,0.08412,0.10542,0.56569,0.30147,-0.17696,0.4963,0.47302,0.61904,0.16886,0.21572,0.2475,0.21755,0.13375,0.11304,0.13717,0.69472,0.2854,-0.26688,0.57386,0.61808,0.26701,-0.41301,0.27371,0.49465,0.42418,0.72996,0.014585,-0.0076952,0.084444,-0.096807,0.66206,-0.26652,0.30043,0.76471,0.87824,0.44805,0.086956,0.63971,0.52256,-0.084022,0.1103,0.28946,0.31221,0.70554,0.38198,0.065888,0.32898,-0.19074,0.52544,0.59592,0.79078,0.33193,0.88402,0.39964,0.87172,0.51998,0.54397,0.25906,0.36188,0.45216,0.38868,-0.10821,0.16633,0.6631,0.62781,0.71375,-0.051967,0.46882,0.86654,0.19991,0.57389,0.60666,-0.069499,0.52509,0.27167,0.75063,0.59507,-0.032622,0.4233,0.7961,0.014214,0.53138,1,0.64559,0.56355,0.29737,0.019884,0.089687,-0.2097
0.21619,0.45581,0.73751,0.3174,0.34506,0.36304,0.38025,0.67984,0.34355,0.36386,0.32593,0.31818,0.083585,0.40906,0.59635,0.21635,0.62631,0.34753,0.55615,0.64544,0.41077,0.35885,0.56092,0.31743,0.42146,0.17496,0.69419,0.23508,0.20083,0.76736,0.80461,0.26821,-0.056812,0.50949,0.47888,0.5362,0.27568,0.52891,0.28021,0.54644,0.35824,0.53872,0.22275,0.70035,0.76874,0.76639,0.64347,0.56371,0.45959,0.16669,0.24605,0.5567,0.56252,0.11557,0.64888,0.58532,0.16016,0.48709,0.14972,0.70538,0.58308,0.50983,0.66106,0.48562,0.063568,0.61223,0.77799,0.76293,0.13649,0.5267,0.53029,0.19968,0.16683,0.036008,0.74816,0.58316,0.74371,0.34194,0.49313,0.43669,0.23281,0.74304,0.74804,0.22438,0.5315,0.58282,0.3926,0.32741,0.26674,0.49307,0.68347,0.042457,0.44016,0.64559,1,0.77402,0.35974,0.49251,0.48622,0.14314
0.18201,0.58309,0.76383,0.4888,0.46448,0.14245,0.30364,0.84094,0.52687,0.42106,0.3858,0.53616,0.15097,0.35529,0.63617,0.39187,0.54467,0.28331,0.42761,0.77223,0.47984,0.45854,0.70762,0.49412,0.52086,0.43688,0.62207,0.44786,0.39485,0.84899,0.74799,0.31204,0.14103,0.72388,0.66265,0.61154,0.13491,0.6281,0.5088,0.64626,0.51044,0.35865,0.39387,0.79129,0.84989,0.65216,0.66692,0.71913,0.3118,0.26928,0.47113,0.69873,0.72087,0.13061,0.5108,0.67274,0.33338,0.39616,0.27317,0.60631,0.57351,0.43272,0.74332,0.36154,0.17523,0.54032,0.76324,0.82417,0.31435,0.50306,0.68127,0.21808,0.29395,0.20982,0.83809,0.7141,0.66216,0.47329,0.45507,0.49546,0.36422,0.75506,0.79652,0.37873,0.47013,0.71311,0.2964,0.29817,0.37078,0.5283,0.53938,0.064622,0.57201,0.56355,0.77402,1,0.42801,0.58804,0.58845,0.32135
0.58865,0.2883,0.57533,0.63989,0.53319,-0.069327,0.53812,0.47189,0.2897,0.61741,0.49037,0.29767,0.43535,-0.034684,0.53279,0.41383,0.59324,0.75445,0.51693,0.27664,0.76317,0.68615,0.62353,0.52686,0.73554,0.42393,0.040124,0.76057,0.44943,0.35666,0.41405,0.42309,0.13719,0.60596,0.85387,0.53161,0.16859,0.5363,0.63381,0.34291,0.39568,-0.14877,0.30513,0.48938,0.51222,0.23901,0.8108,0.37895,-0.19183,0.28632,0.52931,0.46209,0.53429,0.65008,0.36101,0.64577,0.42693,0.37885,0.52268,0.32214,-0.061116,0.54387,0.23135,-0.023339,0.55014,0.2393,0.3859,0.38865,0.6447,0.59824,0.54982,0.56319,0.36121,0.78611,0.5151,0.60014,0.099024,0.42036,0.76908,0.41983,0.58564,0.10398,0.63972,0.51961,0.72834,0.38102,0.060103,0.55995,0.4123,0.64225,0.018619,0.50348,0.30829,0.29737,0.35974,0.42801,1,0.46758,0.5485,0.28108
0.27889,0.80153,0.42218,0.68704,0.31245,-0.27498,0.30754,0.70186,0.71517,0.42708,0.50446,0.59543,0.28222,0.2055,0.75258,0.73919,0.36439,0.14429,0.36458,0.72898,0.63429,0.58544,0.7755,0.72896,0.79538,0.33306,0.2594,0.49329,0.8086,0.52512,0.48215,0.32064,0.37499,0.65227,0.52857,0.39494,-0.074651,0.87488,0.72368,0.89309,0.83254,-0.10917,0.87024,0.85128,0.41201,0.23277,0.61629,0.79863,-0.086659,0.078551,0.78204,0.81224,0.77754,0.15528,0.39434,0.72164,0.45423,0.42109,0.67276,0.44862,0.19148,0.20101,0.72351,-0.14702,-0.025526,-0.15893,0.67638,0.71142,0.27704,0.62278,0.60262,0.11166,0.70176,0.26557,0.36355,0.4761,0.32225,0.85849,0.43051,0.012938,0.32248,0.41852,0.64391,0.63739,0.32012,0.5788,-0.20663,0.063405,0.75508,0.56555,0.089305,0.33452,0.14486,0.019884,0.49251,0.58804,0.46758,1,0.85208,0.59848
0.38034,0.66035,0.45437,0.76268,0.38794,-0.18396,0.45707,0.71862,0.69057,0.46828,0.48563,0.64961,0.29603,0.034686,0.78638,0.74871,0.38053,0.16804,0.37807,0.69944,0.69387,0.58804,0.80814,0.74275,0.77004,0.42628,0.13094,0.65301,0.79311,0.55904,0.38468,0.34382,0.3758,0.7417,0.64582,0.51875,-0.086452,0.82627,0.77992,0.78802,0.77034,0.030829,0.76585,0.82995,0.51671,0.26391,0.70439,0.71608,-0.14734,0.23845,0.75194,0.74859,0.78061,0.32195,0.3874,0.72601,0.48227,0.39684,0.62642,0.5964,0.037452,0.20285,0.58967,-0.11006,0.1165,-0.047847,0.67918,0.69271,0.40567,0.63058,0.66749,0.1693,0.61943,0.3949,0.50191,0.63987,0.26279,0.81865,0.49975,0.088911,0.38479,0.32416,0.72384,0.64978,0.52574,0.60011,0.009415,0.11619,0.66838,0.65821,0.059149,0.2425,0.11544,0.089687,0.48622,0.58845,0.5485,0.85208,1,0.52035
0.26455,0.6349,0.073202,0.25715,0.30392,-0.44728,0.093678,0.39479,0.75809,0.38162,0.52947,0.59918,0.41855,0.15002,0.36596,0.67671,0.24484,0.096695,0.26107,0.31143,0.41317,0.57106,0.34819,0.55475,0.61712,0.52345,0.071869,0.25054,0.74229,0.14123,0.2436,0.43156,0.82456,0.52757,0.25889,0.40294,-0.066889,0.69762,0.69557,0.46598,0.60972,-0.40509,0.73388,0.53469,0.045688,-0.11721,0.34704,0.68672,-0.23673,-0.086645,0.65349,0.48362,0.53419,0.098829,-0.038976,0.53084,0.56141,0.43642,0.7043,-0.11776,0.045651,0.1174,0.60614,-0.33559,0.1491,-0.3201,0.39977,0.29128,0.35622,0.35769,0.43401,0.2286,0.65571,0.08706,0.051996,0.077237,0.039827,0.42684,0.16977,0.02293,0.48271,0.19784,0.24599,0.56763,0.114,0.62019,-0.37113,0.068921,0.57527,0.035485,-0.21766,0.43702,0.16928,-0.2097,0.14314,0.32135,0.28108,0.59848,0.52035,1
