1,0.5099,0.65261,0.25255,0.28042,0.33492,0.2054,0.43571,0.51864,0.17451,0.11953,0.21187,0.55755,0.54808,0.070191,0.131,0.5703,0.6116,0.089736,0.44516,0.38605,0.47554,0.51831,-0.00067605,0.036729,0.50752,0.046597,0.24266,0.45469,0.26325,0.67353,0.25956,0.55381,0.47669,0.35896,0.77432,0.2362,0.77476,0.47657,0.35841,0.56484,0.41362,0.51849,0.59235,0.3597,0.45136,0.65102,0.43379,0.66719,0.2452,0.11635,0.5176,0.24451,0.55964,0.31945,0.54062,0.24387,0.5342,0.18241,0.23598,0.83179,0.67906,0.22494,0.49391,0.60504,0.35244,0.33773,0.17967,0.29073,0.69393,0.25868,0.52848,0.80811,0.29131,0.048282,0.48073,0.31959,0.47467,0.63617,0.39997,0.060726,0.58684,0.24802,0.48718,0.16578,0.29911,0.69841,0.76939,0.39055,0.4841,0.6404,0.25689,0.23505,0.27387,0.40518,0.36081,0.70745,0.46677,0.64705,0.14634
0.5099,1,0.729,0.64478,0.70402,0.74631,0.53631,0.61688,0.69039,0.040994,0.71253,0.51182,0.87804,0.92799,-0.079317,0.60547,0.42372,0.58883,0.54924,0.6093,0.4818,0.78753,0.53636,0.51813,0.62837,0.83544,0.61562,0.80833,0.5865,0.5847,0.59761,0.46476,0.84624,0.62401,0.77016,0.35372,0.032888,0.45298,0.79594,0.23439,0.56814,0.58238,0.82591,0.67049,0.43748,0.31514,0.316,0.46099,0.39859,0.46147,-0.18885,0.66978,0.45199,0.63219,0.24247,0.86834,0.034,0.44058,0.52356,0.55594,0.42799,0.66297,0.44413,0.17079,0.66395,0.75772,0.66213,0.27267,-0.14905,0.74805,0.66893,0.43413,0.59638,0.67842,0.60424,0.84522,0.5419,0.7623,0.45157,0.80173,0.53125,0.51654,0.69114,0.71575,0.017431,0.79467,0.5791,0.49405,0.91138,0.57843,0.73253,0.50278,0.37749,0.67588,0.26276,0.15679,0.64901,0.30704,0.40656,0.58568
0.65261,0.729,1,0.46602,0.54093,0.66809,0.36794,0.69821,0.7169,0.061656,0.45258,0.4676,0.80991,0.72702,-0.021347,0.60603,0.52572,0.57015,0.26514,0.54117,0.54931,0.64042,0.62301,0.32925,0.43644,0.68239,0.41306,0.51314,0.6671,0.46708,0.7897,0.35522,0.79128,0.74393,0.61799,0.72259,0.057543,0.69126,0.73864,0.29164,0.60503,0.63739,0.7847,0.77881,0.53967,0.3449,0.48504,0.60203,0.55717,0.43039,-0.15413,0.67711,0.58229,0.69876,0.27197,0.73588,0.13006,0.6214,0.57675,0.54648,0.61404,0.73735,0.30022,0.20968,0.70378,0.68936,0.58159,0.23695,0.04116,0.83591,0.59776,0.54795,0.80813,0.61614,0.46847,0.70913,0.53082,0.67909,0.48773,0.6524,0.46554,0.64574,0.63205,0.79815,-0.001568,0.6097,0.81445,0.65994,0.59709,0.66606,0.86585,0.47895,0.4259,0.57689,0.43026,0.35043,0.82056,0.44549,0.68444,0.45726
0.25255,0.64478,0.46602,1,0.44359,0.37418,0.82776,0.56795,0.31329,0.59707,0.63587,0.27473,0.57388,0.68045,0.51314,0.58992,0.60393,0.39698,0.77725,0.101,0.75929,0.25524,0.51814,0.12415,0.31912,0.63867,0.76798,0.43167,0.71883,0.52025,0.42365,0.72316,0.54278,0.48837,0.72609,0.075196,0.49019,0.08006,0.33898,0.61529,0.43988,0.68759,0.5812,0.61687,0.72847,0.50543,0.1537,0.6422,0.46557,0.79768,0.36611,0.2926,0.12061,0.62586,0.64875,0.78228,0.47605,0.5084,0.48988,0.72981,0.29878,0.70361,0.83289,0.36987,0.68775,0.38244,0.7612,0.68473,0.30136,0.5754,0.59175,0.59417,0.38069,0.59204,0.60132,0.76261,0.68244,0.65885,0.50835,0.67697,0.47946,0.58332,0.25954,0.34897,0.56482,0.27206,0.21412,0.44433,0.5297,0.4643,0.50137,0.63782,0.62245,0.71339,0.3718,0.4467,0.47951,0.53996,0.40585,0.28772
0.28042,0.70402,0.54093,0.44359,1,0.87685,0.44407,0.56993,0.63653,-0.094645,0.75254,0.70117,0.70292,0.65945,-0.13336,0.76296,0.19719,0.13316,0.53213,0.47314,0.33943,0.52552,0.60401,0.76224,0.81376,0.76569,0.73142,0.79318,0.50493,0.31832,0.4886,0.37851,0.74019,0.72514,0.74814,0.22055,-0.24662,0.35191,0.73711,-0.043078,0.4763,0.52842,0.80242,0.60151,0.33533,0.1711,0.10099,0.35275,0.32968,0.35315,-0.43719,0.78837,0.66652,0.62168,0.040639,0.75158,-0.16656,0.41183,0.65683,0.6343,0.20754,0.46597,0.34829,-0.20505,0.56424,0.82903,0.61143,0.24827,-0.19125,0.62511,0.65296,0.2507,0.49008,0.85155,0.81313,0.66954,0.531,0.69721,-0.0085419,0.81817,0.83881,0.31783,0.83727,0.79878,-0.14093,0.7611,0.43598,0.33216,0.72881,0.64726,0.44925,0.59713,0.43665,0.7282,0.20421,0.091962,0.41624,0.059304,0.2723,0.82141
0.33492,0.74631,0.66809,0.37418,0.87685,1,0.35479,0.58542,0.73497,-0.18945,0.7235,0.62356,0.80472,0.70616,-0.237,0.76699,0.22752,0.3316,0.40914,0.59068,0.35499,0.66202,0.58212,0.74327,0.80404,0.71569,0.5961,0.78705,0.54671,0.4465,0.55651,0.30873,0.79694,0.74986,0.69686,0.35948,-0.27005,0.42844,0.78936,-0.018317,0.50127,0.48686,0.84267,0.67308,0.33728,0.13004,0.20678,0.36894,0.40528,0.24179,-0.47163,0.79405,0.72726,0.61538,0.0050265,0.75035,-0.16137,0.43427,0.61558,0.56298,0.25093,0.48758,0.25535,-0.15611,0.62753,0.90811,0.5891,0.092607,-0.25464,0.71379,0.65032,0.2543,0.58264,0.78875,0.77167,0.6159,0.47092,0.73846,0.1048,0.73118,0.74989,0.36279,0.86128,0.85947,-0.23919,0.83307,0.57716,0.35138,0.74106,0.64479,0.59428,0.45856,0.41863,0.6328,0.23703,0.063937,0.5082,0.13991,0.31196,0.77472
0.2054,0.53631,0.36794,0.82776,0.44407,0.35479,1,0.63055,0.11958,0.75042,0.70949,0.38929,0.48517,0.55883,0.65307,0.57837,0.64639,0.31132,0.9013,0.011106,0.80987,0.08858,0.56722,0.038836,0.32472,0.66464,0.79436,0.33434,0.79008,0.53435,0.50648,0.93603,0.52615,0.51801,0.76155,0.02133,0.64906,0.0048703,0.17852,0.7184,0.58457,0.74068,0.51856,0.6734,0.8307,0.66529,0.088297,0.66963,0.44103,0.81616,0.44357,0.18987,0.14636,0.49455,0.75262,0.72943,0.53402,0.67704,0.5099,0.81134,0.22315,0.59016,0.94313,0.48601,0.67307,0.28493,0.80781,0.85944,0.44332,0.45833,0.57934,0.55718,0.37511,0.59287,0.63587,0.67798,0.84251,0.6533,0.45495,0.68236,0.50064,0.65574,0.22342,0.35805,0.71315,0.1097,0.15329,0.43403,0.42385,0.50979,0.40945,0.68976,0.7643,0.77815,0.64958,0.56151,0.49437,0.62968,0.45856,0.30394
0.43571,0.61688,0.69821,0.56795,0.56993,0.58542,0.63055,1,0.42544,0.27178,0.55436,0.59775,0.69509,0.54193,0.25116,0.61608,0.56202,0.32485,0.48177,0.16665,0.64708,0.41504,0.69794,0.3532,0.43212,0.78793,0.66377,0.47709,0.75106,0.47593,0.81309,0.62505,0.80706,0.73342,0.78802,0.49694,0.28166,0.48447,0.56693,0.47743,0.72064,0.84608,0.71767,0.80483,0.69457,0.36095,0.35075,0.68549,0.42631,0.50739,0.038192,0.57205,0.55195,0.60994,0.40546,0.73839,0.30679,0.73098,0.6924,0.72225,0.48017,0.65291,0.5263,0.28261,0.64162,0.57596,0.71406,0.52931,0.31996,0.73687,0.69062,0.5105,0.7597,0.73165,0.59974,0.68667,0.76661,0.75661,0.35649,0.72259,0.64846,0.57315,0.60325,0.72767,0.25239,0.41115,0.63181,0.55849,0.45645,0.71834,0.65265,0.68885,0.60589,0.78575,0.70112,0.44274,0.67324,0.51604,0.63485,0.46185
0.51864,0.69039,0.7169,0.31329,0.63653,0.73497,0.11958,0.42544,1,-0.21723,0.33939,0.45562,0.72728,0.74395,-0.34481,0.5048,0.35576,0.5816,0.1089,0.70367,0.31991,0.70917,0.47562,0.52748,0.47293,0.58012,0.25051,0.57465,0.39495,0.49902,0.51416,0.084595,0.6431,0.654,0.44975,0.59255,-0.24211,0.61011,0.73401,0.052292,0.50692,0.29461,0.73886,0.61452,0.24109,0.08682,0.5363,0.39711,0.50822,0.16065,-0.33997,0.75622,0.68526,0.70754,-0.015602,0.64994,0.0064597,0.34972,0.48037,0.4014,0.50046,0.66882,0.063679,-0.01711,0.57954,0.79411,0.31135,-0.077267,-0.19979,0.76502,0.45749,0.44457,0.62054,0.49643,0.40718,0.58938,0.23143,0.54305,0.42987,0.5042,0.39249,0.42581,0.65255,0.75639,-0.27258,0.73825,0.75108,0.55353,0.61251,0.41865,0.72602,0.23647,0.17577,0.34304,0.037787,-0.048614,0.57658,0.26325,0.39154,0.5201
0.17451,0.040994,0.061656,0.59707,-0.094645,-0.18945,0.75042,0.27178,-0.21723,1,0.20126,0.015121,0.011519,0.16467,0.92253,0.14478,0.58592,0.24385,0.64856,-0.3103,0.70158,-0.31134,0.31338,-0.50983,-0.25475,0.22815,0.36819,-0.23242,0.58209,0.25556,0.25683,0.76679,0.090945,0.094652,0.33384,-0.040619,0.90747,-0.074599,-0.22835,0.83779,0.33646,0.47072,0.030855,0.39193,0.73237,0.77553,0.095689,0.53742,0.43341,0.71364,0.83037,-0.24153,-0.28525,0.23812,0.8936,0.32034,0.75453,0.56919,0.12405,0.52157,0.20914,0.40778,0.81912,0.64801,0.44434,-0.22743,0.47396,0.84684,0.74847,0.17706,0.21855,0.46627,0.18004,0.12652,0.11616,0.29049,0.59249,0.28094,0.50033,0.2074,0.025059,0.48937,-0.32609,-0.16865,0.96159,-0.46728,-0.074578,0.36713,-0.087185,0.21742,0.14236,0.39416,0.63935,0.38021,0.58579,0.71526,0.2607,0.61671,0.45006,-0.26942
0.11953,0.71253,0.45258,0.63587,0.75254,0.7235,0.70949,0.55436,0.33939,0.20126,1,0.61457,0.67438,0.64113,0.15104,0.73786,0.37231,0.20841,0.75711,0.33933,0.51608,0.40468,0.46552,0.55903,0.81342,0.71535,0.86168,0.78052,0.61928,0.40669,0.45536,0.63693,0.65524,0.56362,0.79058,0.022965,0.13194,0.0099535,0.47987,0.22644,0.4524,0.61685,0.69582,0.54942,0.46392,0.35143,-0.039612,0.33151,0.28362,0.47845,-0.14248,0.52308,0.39889,0.43307,0.32161,0.76775,-0.044685,0.41085,0.5851,0.64994,0.07072,0.35751,0.62592,0.057756,0.53601,0.62806,0.79449,0.47431,-0.05678,0.44193,0.60066,0.22835,0.33384,0.7699,0.87605,0.69009,0.70309,0.7477,0.093724,0.82692,0.74514,0.44308,0.6426,0.62185,0.17955,0.59307,0.22015,0.1776,0.70457,0.55983,0.43636,0.57003,0.55515,0.80164,0.38685,0.21898,0.4392,0.25031,0.21344,0.7437
0.21187,0.51182,0.4676,0.27473,0.70117,0.62356,0.38929,0.59775,0.45562,0.015121,0.61457,1,0.57338,0.44347,0.034952,0.527,0.21942,0.15857,0.45407,0.3708,0.27576,0.3418,0.49777,0.62228,0.63752,0.71058,0.56485,0.56515,0.45143,0.40335,0.44506,0.37523,0.6448,0.65791,0.62832,0.22068,-0.004733,0.19466,0.52769,0.11166,0.57554,0.5344,0.53505,0.53665,0.39372,0.15616,0.10696,0.39997,0.29936,0.30722,-0.19984,0.55072,0.71471,0.49665,0.17331,0.58155,-0.01241,0.48568,0.68116,0.58203,0.20066,0.31651,0.31073,-0.043432,0.45049,0.66658,0.53915,0.34274,0.11672,0.4187,0.54564,0.077814,0.44226,0.5866,0.62381,0.54234,0.55964,0.55989,0.062461,0.57512,0.62445,0.35295,0.70912,0.63701,0.0089621,0.49065,0.36817,0.22372,0.48082,0.58414,0.41787,0.5392,0.42261,0.57177,0.3453,0.21061,0.36857,0.22314,0.25143,0.6303
0.55755,0.87804,0.80991,0.57388,0.70292,0.80472,0.48517,0.69509,0.72728,0.011519,0.67438,0.57338,1,0.8401,-0.10437,0.65811,0.53434,0.59784,0.43764,0.66061,0.53299,0.80472,0.56845,0.5391,0.61019,0.76938,0.56328,0.74944,0.65524,0.56969,0.69166,0.46937,0.83217,0.69817,0.70431,0.51936,0.028824,0.55385,0.74415,0.26439,0.67681,0.64606,0.86425,0.76551,0.47795,0.30024,0.40424,0.48862,0.47178,0.40055,-0.19431,0.65797,0.59406,0.631,0.20631,0.82566,0.047553,0.54842,0.56769,0.56307,0.43343,0.67412,0.41399,0.20357,0.69263,0.77835,0.65027,0.23845,-0.05545,0.8039,0.59248,0.51479,0.70545,0.69811,0.6059,0.77473,0.57425,0.7562,0.44593,0.76257,0.55175,0.62315,0.7386,0.8058,-0.0074552,0.75207,0.68654,0.55036,0.77388,0.61712,0.79474,0.45438,0.40965,0.64888,0.39674,0.15376,0.6929,0.41752,0.4785,0.6077
0.54808,0.92799,0.72702,0.68045,0.65945,0.70616,0.55883,0.54193,0.74395,0.16467,0.64113,0.44347,0.8401,1,-0.0074619,0.61745,0.50016,0.68568,0.56693,0.60201,0.5624,0.72465,0.56378,0.38899,0.51597,0.8024,0.55112,0.71406,0.64369,0.65129,0.56924,0.50329,0.78419,0.64782,0.73344,0.35802,0.14981,0.45597,0.74521,0.34346,0.56209,0.52399,0.81148,0.71438,0.50453,0.39198,0.40222,0.55671,0.52031,0.51085,-0.067864,0.62486,0.41608,0.70244,0.34825,0.87339,0.18196,0.49523,0.4869,0.60596,0.47199,0.74497,0.51504,0.24686,0.74062,0.72689,0.65214,0.30022,-0.060083,0.77181,0.6636,0.52923,0.59491,0.61791,0.56422,0.83238,0.52269,0.74436,0.58943,0.74608,0.45965,0.56001,0.59516,0.67295,0.13509,0.69862,0.5911,0.57773,0.85504,0.53386,0.7596,0.48945,0.44437,0.62087,0.2394,0.21401,0.65541,0.40107,0.45261,0.49069
0.070191,-0.079317,-0.021347,0.51314,-0.13336,-0.237,0.65307,0.25116,-0.34481,0.92253,0.15104,0.034952,-0.10437,-0.0074619,1,0.11634,0.40391,0.043411,0.58992,-0.48576,0.59054,-0.45607,0.32145,-0.47844,-0.27117,0.20236,0.34492,-0.31661,0.5285,0.12677,0.17704,0.65853,0.019996,0.10632,0.28635,-0.11862,0.8445,-0.16906,-0.26648,0.74814,0.21158,0.4548,-0.073513,0.30481,0.70302,0.64643,-0.067697,0.53733,0.38931,0.66236,0.80839,-0.22034,-0.24427,0.20185,0.83112,0.22005,0.70587,0.53108,0.14155,0.48835,0.20424,0.25373,0.73131,0.50177,0.37028,-0.25392,0.46726,0.82096,0.80408,0.075118,0.25454,0.24301,0.11085,0.07361,0.11117,0.16223,0.5686,0.22266,0.30824,0.11159,0.059658,0.32067,-0.32823,-0.23216,0.92664,-0.52729,-0.20941,0.23709,-0.19508,0.27996,-0.012327,0.47249,0.63466,0.32745,0.55131,0.77541,0.13574,0.48967,0.35443,-0.31559
0.131,0.60547,0.60603,0.58992,0.76296,0.76699,0.57837,0.61608,0.5048,0.14478,0.73786,0.527,0.65811,0.61745,0.11634,1,0.26474,0.16506,0.61934,0.2379,0.60041,0.34919,0.68861,0.49076,0.68447,0.67655,0.7596,0.61875,0.73168,0.35783,0.55514,0.49426,0.69473,0.74622,0.80177,0.194,-0.035423,0.26275,0.62516,0.1511,0.35018,0.64657,0.77936,0.69862,0.55145,0.2853,-0.070077,0.56544,0.41134,0.54696,-0.28498,0.60933,0.54829,0.58535,0.25536,0.75377,0.045304,0.56459,0.63741,0.78287,0.16826,0.55015,0.4972,-0.1931,0.6721,0.69799,0.72731,0.41672,-0.088044,0.65113,0.80866,0.3015,0.48261,0.83975,0.87225,0.66923,0.69235,0.77336,0.063492,0.77118,0.81988,0.40663,0.71192,0.71725,0.054583,0.57651,0.33276,0.39329,0.59031,0.65624,0.48886,0.72411,0.68164,0.82027,0.32044,0.35145,0.48851,0.16338,0.45854,0.57363
0.5703,0.42372,0.52572,0.60393,0.19719,0.22752,0.64639,0.56202,0.35576,0.58592,0.37231,0.21942,0.53434,0.50016,0.40391,0.26474,1,0.67648,0.44476,0.25931,0.73971,0.25446,0.36802,-0.080898,0.065262,0.46324,0.3824,0.20273,0.6371,0.56124,0.60456,0.70688,0.43425,0.41595,0.46498,0.51743,0.65815,0.33537,0.11291,0.8044,0.77634,0.58333,0.49686,0.67268,0.63774,0.65963,0.59819,0.57225,0.56968,0.55158,0.46547,0.19854,0.18277,0.50583,0.66785,0.58839,0.60706,0.64937,0.369,0.4916,0.51344,0.72362,0.64538,0.77032,0.61624,0.22776,0.54673,0.546,0.539,0.55802,0.2132,0.79147,0.5727,0.32292,0.23849,0.62078,0.56406,0.4324,0.81944,0.4447,0.12833,0.87108,0.095491,0.38261,0.56795,0.08001,0.52129,0.64543,0.23796,0.29213,0.66023,0.26432,0.4604,0.42888,0.6312,0.36876,0.71499,0.89285,0.56929,0.14934
0.6116,0.58883,0.57015,0.39698,0.13316,0.3316,0.31132,0.32485,0.5816,0.24385,0.20841,0.15857,0.59784,0.68568,0.043411,0.16506,0.67648,1,0.21101,0.58314,0.48859,0.55099,0.24544,-0.039556,0.0046263,0.45699,0.071312,0.25533,0.4512,0.72627,0.453,0.38508,0.48408,0.36503,0.30073,0.50129,0.40291,0.39594,0.33334,0.57152,0.58826,0.28532,0.44161,0.55649,0.43431,0.4463,0.62916,0.44456,0.53253,0.30326,0.23815,0.20185,0.25522,0.41861,0.4754,0.53302,0.42778,0.45784,0.18236,0.30976,0.52528,0.65821,0.32739,0.59664,0.5476,0.35857,0.3349,0.18742,0.19521,0.56666,0.23084,0.5639,0.51214,0.10446,0.056025,0.54514,0.28056,0.36857,0.85264,0.27153,-0.087893,0.64287,0.1309,0.33815,0.21486,0.2747,0.59844,0.53999,0.42891,0.15041,0.74813,0.046807,0.26351,0.15945,0.27084,0.16541,0.66502,0.68251,0.42614,0.025328
0.089736,0.54924,0.26514,0.77725,0.53213,0.40914,0.9013,0.48177,0.1089,0.64856,0.75711,0.45407,0.43764,0.56693,0.58992,0.61934,0.44476,0.21101,1,0.024839,0.66763,0.074153,0.51177,0.14626,0.43797,0.65022,0.82548,0.41099,0.69791,0.46145,0.34672,0.82795,0.5074,0.47773,0.75348,-0.16801,0.51234,-0.092567,0.26398,0.55441,0.44214,0.62488,0.48097,0.56596,0.71444,0.59834,-0.070475,0.57138,0.36892,0.77473,0.30326,0.21246,0.13888,0.45228,0.64509,0.71492,0.40552,0.57796,0.50543,0.78911,0.065122,0.45872,0.86985,0.28582,0.6141,0.34245,0.79159,0.79173,0.30607,0.37258,0.61226,0.35918,0.21959,0.60155,0.68796,0.65313,0.7723,0.6228,0.31256,0.66631,0.564,0.47817,0.28879,0.31497,0.6226,0.17965,0.02439,0.2689,0.48978,0.49758,0.28634,0.70525,0.75178,0.76742,0.44513,0.48743,0.345,0.42087,0.28319,0.35825
0.44516,0.6093,0.54117,0.101,0.47314,0.59068,0.011106,0.16665,0.70367,-0.3103,0.33933,0.3708,0.66061,0.60201,-0.48576,0.2379,0.25931,0.58314,0.024839,1,0.085637,0.79717,0.11999,0.45504,0.46336,0.38355,0.076395,0.57787,0.13322,0.40436,0.33186,0.011003,0.47403,0.31921,0.19867,0.39247,-0.26825,0.41106,0.53232,-0.079068,0.46029,0.10447,0.52206,0.33943,-0.0065779,0.11608,0.40832,-0.017239,0.19499,-0.036997,-0.31508,0.41665,0.46253,0.2695,-0.10439,0.42815,-0.27949,0.13504,0.1666,0.071659,0.19163,0.37463,-0.03984,0.085145,0.28069,0.60969,0.09728,-0.17594,-0.38052,0.4533,0.07393,0.32742,0.37717,0.24415,0.20433,0.45453,0.058801,0.26585,0.32749,0.38034,0.088537,0.43732,0.49012,0.54374,-0.34442,0.67143,0.55285,0.31965,0.63501,0.18545,0.63646,-0.10959,-0.092493,0.11201,-0.035741,-0.29198,0.43952,0.16596,0.18385,0.49342
0.38605,0.4818,0.54931,0.75929,0.33943,0.35499,0.80987,0.64708,0.31991,0.70158,0.51608,0.27576,0.53299,0.5624,0.59054,0.60041,0.73971,0.48859,0.66763,0.085637,1,0.18428,0.67265,-0.061167,0.17771,0.58445,0.60629,0.23282,0.86508,0.49968,0.67443,0.78716,0.51396,0.55031,0.68095,0.32861,0.59127,0.33362,0.22507,0.73327,0.59555,0.77326,0.60163,0.81487,0.86468,0.68476,0.24748,0.78199,0.62973,0.75369,0.41199,0.26211,0.18343,0.60018,0.73588,0.72937,0.59712,0.77248,0.44092,0.76554,0.4088,0.75165,0.77973,0.44779,0.77553,0.30832,0.73474,0.75463,0.47108,0.67051,0.58109,0.66676,0.58947,0.55944,0.53745,0.64663,0.7838,0.70913,0.58129,0.57893,0.39892,0.71203,0.23216,0.41986,0.63364,0.11369,0.37366,0.64866,0.307,0.55483,0.56476,0.627,0.77356,0.69048,0.65669,0.63906,0.64704,0.66889,0.67679,0.13805
0.47554,0.78753,0.64042,0.25524,0.52552,0.66202,0.08858,0.41504,0.70917,-0.31134,0.40468,0.3418,0.80472,0.72465,-0.45607,0.34919,0.25446,0.55099,0.074153,0.79717,0.18428,1,0.28912,0.52292,0.50126,0.56023,0.19865,0.72487,0.27884,0.38396,0.48955,0.086844,0.65028,0.38843,0.40901,0.43877,-0.26993,0.55697,0.68007,-0.045653,0.43484,0.32844,0.66825,0.46505,0.11345,0.054402,0.36079,0.12515,0.19504,0.01784,-0.34941,0.54291,0.45404,0.34512,-0.13077,0.55837,-0.25916,0.19142,0.23197,0.18925,0.31383,0.45751,0.025519,0.039549,0.37383,0.67095,0.25956,-0.13636,-0.39438,0.6135,0.29934,0.32656,0.53012,0.40977,0.28752,0.54134,0.19227,0.50216,0.31363,0.54506,0.23394,0.32524,0.61751,0.63379,-0.3376,0.7895,0.61346,0.38058,0.74836,0.33428,0.63569,0.11324,0.0028713,0.32849,0.078058,-0.18652,0.47343,0.1119,0.25981,0.49272
0.51831,0.53636,0.62301,0.51814,0.60401,0.58212,0.56722,0.69794,0.47562,0.31338,0.46552,0.49777,0.56845,0.56378,0.32145,0.68861,0.36802,0.24544,0.51177,0.11999,0.67265,0.28912,1,0.1974,0.32409,0.7445,0.52655,0.35179,0.79037,0.29462,0.75599,0.51252,0.68431,0.81891,0.75448,0.4667,0.14408,0.57163,0.54674,0.33976,0.46066,0.73814,0.68679,0.82006,0.7157,0.41952,0.12036,0.76668,0.64545,0.59014,-0.0003988,0.6166,0.45495,0.71054,0.3918,0.74855,0.27788,0.76974,0.50153,0.74768,0.58984,0.67966,0.50794,0.029311,0.83021,0.53353,0.69568,0.5478,0.2749,0.79078,0.79717,0.39063,0.76482,0.72686,0.59954,0.56169,0.72748,0.81702,0.25791,0.65632,0.60824,0.44135,0.54847,0.62224,0.26171,0.36994,0.45495,0.70253,0.40454,0.80025,0.47505,0.83879,0.74662,0.75257,0.54332,0.6605,0.59082,0.27746,0.7216,0.31207
-0.00067605,0.51813,0.32925,0.12415,0.76224,0.74327,0.038836,0.3532,0.52748,-0.50983,0.55903,0.62228,0.5391,0.38899,-0.47844,0.49076,-0.080898,-0.039556,0.14626,0.45504,-0.061167,0.52292,0.1974,1,0.83135,0.47869,0.47967,0.78197,0.1026,0.17487,0.16325,-0.051903,0.50772,0.43486,0.45382,0.067273,-0.55867,0.11719,0.60769,-0.37991,0.27158,0.19999,0.56306,0.22804,-0.079616,-0.30062,0.020605,0.0038449,-0.0076036,-0.027102,-0.65974,0.68612,0.63389,0.35717,-0.35562,0.42475,-0.41059,-0.0062087,0.55667,0.22914,-0.054995,0.106,-0.069259,-0.44435,0.17125,0.78226,0.30802,-0.16421,-0.44324,0.32319,0.37303,-0.083437,0.18665,0.61649,0.64043,0.40324,0.13812,0.38963,-0.23866,0.51316,0.67902,0.016839,0.84019,0.65933,-0.51789,0.80563,0.32216,-0.037167,0.58501,0.3792,0.24482,0.25176,0.034566,0.39648,-0.11351,-0.32159,0.13536,-0.18167,-0.16425,0.82954
0.036729,0.62837,0.43644,0.31912,0.81376,0.80404,0.32472,0.43212,0.47293,-0.25475,0.81342,0.63752,0.61019,0.51597,-0.27117,0.68447,0.065262,0.0046263,0.43797,0.46336,0.17771,0.50126,0.32409,0.83135,1,0.57802,0.69367,0.85584,0.33608,0.20265,0.34059,0.23772,0.60917,0.53281,0.63744,0.078766,-0.34212,0.098395,0.60863,-0.22441,0.30906,0.38879,0.67596,0.36191,0.11152,-0.0017188,-0.090246,0.072145,0.059196,0.17444,-0.54681,0.68989,0.56394,0.34784,-0.12747,0.59905,-0.42789,0.15889,0.56863,0.42545,-0.035449,0.2006,0.19224,-0.30088,0.3165,0.7546,0.54316,0.063208,-0.43064,0.36401,0.49155,0.022065,0.27119,0.74321,0.81258,0.55528,0.39731,0.57127,-0.19585,0.74724,0.77309,0.23452,0.80733,0.71787,-0.30257,0.7994,0.28207,0.048052,0.7198,0.51557,0.36637,0.39248,0.23184,0.62647,0.092107,-0.10218,0.31738,-0.089517,0.057499,0.87162
0.50752,0.83544,0.68239,0.63867,0.76569,0.71569,0.66464,0.78793,0.58012,0.22815,0.71535,0.71058,0.76938,0.8024,0.20236,0.67655,0.46324,0.45699,0.65022,0.38355,0.58445,0.56023,0.7445,0.47869,0.57802,1,0.69034,0.68285,0.75452,0.57801,0.70725,0.61332,0.89175,0.79446,0.89586,0.34361,0.20036,0.41827,0.72561,0.37663,0.64942,0.75179,0.77922,0.78546,0.66585,0.41125,0.23841,0.6831,0.51838,0.5709,-0.063776,0.68688,0.57164,0.69513,0.42611,0.8853,0.20593,0.69285,0.66557,0.77876,0.51073,0.68303,0.58929,0.18618,0.7486,0.74443,0.78809,0.51825,0.14771,0.74269,0.80789,0.37871,0.69367,0.74187,0.67806,0.8196,0.75937,0.83827,0.3871,0.83202,0.65473,0.52522,0.69477,0.73157,0.20127,0.60744,0.52838,0.54555,0.74186,0.74099,0.65007,0.76841,0.63827,0.81427,0.47506,0.42243,0.65428,0.40515,0.52937,0.5364
0.046597,0.61562,0.41306,0.76798,0.73142,0.5961,0.79436,0.66377,0.25051,0.36819,0.86168,0.56485,0.56328,0.55112,0.34492,0.7596,0.3824,0.071312,0.82548,0.076395,0.60629,0.19865,0.52655,0.47967,0.69367,0.69034,1,0.62187,0.65424,0.38315,0.44176,0.71434,0.60761,0.56903,0.82495,-0.032518,0.26726,-0.0098788,0.41305,0.34712,0.4474,0.70103,0.66209,0.57756,0.60433,0.36611,-0.013753,0.50349,0.22061,0.66113,0.022681,0.4806,0.3298,0.51066,0.43702,0.74247,0.2082,0.47937,0.73604,0.7793,0.053973,0.47942,0.70707,0.092313,0.53913,0.54469,0.80422,0.6311,0.11469,0.46725,0.67035,0.37556,0.31319,0.84847,0.88971,0.71607,0.76136,0.69513,0.11097,0.83217,0.83037,0.44728,0.55187,0.57039,0.35014,0.43069,0.19603,0.26669,0.58957,0.6082,0.37955,0.71858,0.65257,0.87538,0.42606,0.31205,0.40429,0.30576,0.27697,0.66909
0.24266,0.80833,0.51314,0.43167,0.79318,0.78705,0.33434,0.47709,0.57465,-0.23242,0.78052,0.56515,0.74944,0.71406,-0.31661,0.61875,0.20273,0.25533,0.41099,0.57787,0.23282,0.72487,0.35179,0.78197,0.85584,0.68285,0.62187,1,0.3804,0.30213,0.40468,0.24684,0.6917,0.51249,0.68159,0.17453,-0.28265,0.24959,0.69966,-0.10106,0.3492,0.41782,0.76593,0.43302,0.13484,0.040081,0.053823,0.15123,0.16469,0.22045,-0.47301,0.70359,0.50811,0.41666,-0.07373,0.70426,-0.31027,0.17706,0.47713,0.38483,0.14928,0.35273,0.23776,-0.15339,0.41711,0.75959,0.5708,0.050026,-0.40222,0.50281,0.5037,0.16155,0.37495,0.71851,0.71494,0.68339,0.39449,0.64695,0.049177,0.7771,0.64581,0.29292,0.79674,0.71138,-0.26873,0.87544,0.38231,0.21438,0.84157,0.48162,0.47411,0.39384,0.20368,0.62248,0.055029,-0.10926,0.41363,-0.0051807,0.11555,0.77605
0.45469,0.5865,0.6671,0.71883,0.50493,0.54671,0.79008,0.75106,0.39495,0.58209,0.61928,0.45143,0.65524,0.64369,0.5285,0.73168,0.6371,0.4512,0.69791,0.13322,0.86508,0.27884,0.79037,0.1026,0.33608,0.75452,0.65424,0.3804,1,0.49058,0.75542,0.76563,0.72547,0.73849,0.8248,0.40599,0.46521,0.39883,0.47646,0.6306,0.59647,0.8502,0.69572,0.89101,0.89036,0.64399,0.19472,0.83001,0.71676,0.75692,0.23164,0.45374,0.38477,0.68874,0.67602,0.82073,0.45694,0.88004,0.56401,0.83587,0.5197,0.77104,0.77379,0.33708,0.87059,0.49443,0.85762,0.70114,0.39646,0.75504,0.77222,0.55239,0.71423,0.68298,0.63281,0.72141,0.85794,0.82788,0.47776,0.69351,0.566,0.69619,0.44604,0.60089,0.49406,0.28054,0.43405,0.65083,0.45138,0.75856,0.63333,0.7691,0.85102,0.79508,0.69018,0.72069,0.70332,0.57893,0.72523,0.26718
0.26325,0.5847,0.46708,0.52025,0.31832,0.4465,0.53435,0.47593,0.49902,0.25556,0.40669,0.40335,0.56969,0.65129,0.12677,0.35783,0.56124,0.72627,0.46145,0.40436,0.49968,0.38396,0.29462,0.17487,0.20265,0.57801,0.38315,0.30213,0.49058,1,0.35096,0.54648,0.52433,0.4868,0.48277,0.1861,0.39287,0.092534,0.32743,0.56815,0.64952,0.3541,0.43328,0.56609,0.54691,0.30153,0.47523,0.53768,0.38034,0.44842,0.17772,0.19273,0.40703,0.48809,0.44404,0.55901,0.48533,0.45646,0.50039,0.5504,0.25662,0.53375,0.49245,0.43639,0.51173,0.4613,0.44426,0.3438,0.22724,0.45411,0.44381,0.4332,0.32801,0.25856,0.35257,0.54145,0.4325,0.4211,0.66345,0.35679,0.21861,0.50708,0.27887,0.36238,0.26636,0.31047,0.45982,0.29989,0.44901,0.13714,0.6264,0.22981,0.40919,0.34428,0.34509,0.14285,0.47955,0.70443,0.25702,0.22448
0.67353,0.59761,0.7897,0.42365,0.4886,0.55651,0.50648,0.81309,0.51416,0.25683,0.45536,0.44506,0.69166,0.56924,0.17704,0.55514,0.60456,0.453,0.34672,0.33186,0.67443,0.48955,0.75599,0.16325,0.34059,0.70725,0.44176,0.40468,0.75542,0.35096,1,0.53711,0.76356,0.69752,0.67625,0.72344,0.23887,0.71218,0.54319,0.43568,0.69707,0.76381,0.73923,0.84811,0.63785,0.51925,0.41337,0.62342,0.54831,0.42673,-0.01227,0.60875,0.44968,0.57319,0.38684,0.7175,0.20757,0.78792,0.4708,0.60381,0.64293,0.69842,0.41042,0.3208,0.70699,0.50442,0.61461,0.44375,0.23507,0.8107,0.58522,0.55724,0.89902,0.64278,0.47208,0.63999,0.72299,0.75229,0.43256,0.69257,0.44833,0.68157,0.50312,0.73024,0.19649,0.39438,0.72707,0.77028,0.4565,0.71601,0.74132,0.58163,0.5846,0.69405,0.72883,0.52714,0.84761,0.47657,0.86408,0.3323
0.25956,0.46476,0.35522,0.72316,0.37851,0.30873,0.93603,0.62505,0.084595,0.76679,0.63693,0.37523,0.46937,0.50329,0.65853,0.49426,0.70688,0.38508,0.82795,0.011003,0.78716,0.086844,0.51252,-0.051903,0.23772,0.61332,0.71434,0.24684,0.76563,0.54648,0.53711,1,0.49216,0.47751,0.67178,0.092543,0.74724,0.071153,0.10104,0.77266,0.66255,0.72425,0.46673,0.67379,0.8326,0.73423,0.19231,0.62335,0.45581,0.73502,0.50237,0.11552,0.13932,0.40696,0.78864,0.65586,0.56979,0.70849,0.4612,0.76833,0.23707,0.57123,0.90939,0.61039,0.62694,0.21976,0.73454,0.84862,0.54284,0.43369,0.48434,0.59331,0.41079,0.51695,0.53369,0.59899,0.83227,0.58763,0.51515,0.62666,0.425,0.68539,0.15253,0.34375,0.75224,0.00074187,0.20441,0.43931,0.33549,0.4682,0.42468,0.59425,0.744,0.70364,0.75211,0.54228,0.51062,0.70592,0.48612,0.25161
0.55381,0.84624,0.79128,0.54278,0.74019,0.79694,0.52615,0.80706,0.6431,0.090945,0.65524,0.6448,0.83217,0.78419,0.019996,0.69473,0.43425,0.48408,0.5074,0.47403,0.51396,0.65028,0.68431,0.50772,0.60917,0.89175,0.60761,0.6917,0.72547,0.52433,0.76356,0.49216,1,0.79018,0.83444,0.49928,0.066024,0.54977,0.85456,0.27811,0.64935,0.70867,0.83388,0.81178,0.56453,0.3259,0.31353,0.6062,0.51578,0.44379,-0.20182,0.73166,0.6426,0.66894,0.30679,0.86729,0.089504,0.66898,0.63726,0.68573,0.50681,0.69573,0.43095,0.15285,0.73127,0.81038,0.72137,0.3297,0.0024541,0.81914,0.77621,0.40247,0.78327,0.75054,0.63264,0.81087,0.65892,0.81918,0.38006,0.80725,0.64953,0.54793,0.75791,0.83111,0.030538,0.69223,0.67189,0.56738,0.7649,0.74736,0.74308,0.6566,0.55832,0.76241,0.46182,0.34892,0.72356,0.36231,0.5722,0.56356
0.47669,0.62401,0.74393,0.48837,0.72514,0.74986,0.51801,0.73342,0.654,0.094652,0.56362,0.65791,0.69817,0.64782,0.10632,0.74622,0.41595,0.36503,0.47773,0.31921,0.55031,0.38843,0.81891,0.43486,0.53281,0.79446,0.56903,0.51249,0.73849,0.4868,0.69752,0.47751,0.79018,1,0.79277,0.53433,0.029119,0.50344,0.69623,0.28887,0.56587,0.64621,0.76621,0.80934,0.63123,0.25389,0.25193,0.75153,0.6126,0.50856,-0.21009,0.72881,0.74452,0.77746,0.28622,0.78135,0.21195,0.7201,0.7073,0.78109,0.53466,0.70414,0.44724,0.023538,0.79492,0.74226,0.70307,0.39867,0.16628,0.77465,0.796,0.39557,0.73497,0.73401,0.67588,0.67862,0.65485,0.74134,0.2943,0.68618,0.69722,0.53199,0.71341,0.81964,0.047973,0.56624,0.60558,0.57792,0.50811,0.7444,0.65469,0.74737,0.6472,0.71255,0.42334,0.43032,0.68231,0.38805,0.58298,0.52462
0.35896,0.77016,0.61799,0.72609,0.74814,0.69686,0.76155,0.78802,0.44975,0.33384,0.79058,0.62832,0.70431,0.73344,0.28635,0.80177,0.46498,0.30073,0.75348,0.19867,0.68095,0.40901,0.75448,0.45382,0.63744,0.89586,0.82495,0.68159,0.8248,0.48277,0.67625,0.67178,0.83444,0.79277,1,0.24426,0.20239,0.30627,0.64524,0.37517,0.53242,0.81598,0.78948,0.77985,0.69243,0.41226,0.072931,0.7014,0.50753,0.70524,-0.077942,0.65194,0.48557,0.69394,0.44713,0.89306,0.22776,0.68862,0.6993,0.86155,0.41058,0.67074,0.684,0.1325,0.78893,0.68465,0.89369,0.59553,0.1444,0.70477,0.86527,0.37102,0.60989,0.8534,0.81555,0.82859,0.8404,0.87434,0.26926,0.86841,0.76447,0.52993,0.67986,0.72461,0.25626,0.56063,0.39974,0.49139,0.68516,0.76474,0.55369,0.86331,0.74597,0.93085,0.501,0.52355,0.64471,0.35569,0.52224,0.54368
0.77432,0.35372,0.72259,0.075196,0.22055,0.35948,0.02133,0.49694,0.59255,-0.040619,0.022965,0.22068,0.51936,0.35802,-0.11862,0.194,0.51743,0.50129,-0.16801,0.39247,0.32861,0.43877,0.4667,0.067273,0.078766,0.34361,-0.032518,0.17453,0.40599,0.1861,0.72344,0.092543,0.49928,0.53433,0.24426,1,0.015265,0.81735,0.45172,0.21971,0.51413,0.39102,0.52957,0.57046,0.26388,0.23341,0.61798,0.38142,0.55736,0.091731,-0.10251,0.55578,0.44116,0.50366,0.13639,0.39875,0.095599,0.48688,0.24691,0.18259,0.77566,0.62748,-0.0026307,0.30134,0.50126,0.36428,0.23197,-0.015837,0.16972,0.67443,0.22223,0.46897,0.82723,0.29555,0.042341,0.36675,0.25095,0.38297,0.44356,0.3042,0.12644,0.58369,0.32232,0.60235,-0.10097,0.32872,0.79499,0.70581,0.19152,0.45823,0.68489,0.16341,0.15912,0.20059,0.43121,0.25855,0.76188,0.40812,0.71294,0.18327
0.2362,0.032888,0.057543,0.49019,-0.24662,-0.27005,0.64906,0.28166,-0.24211,0.90747,0.13194,-0.004733,0.028824,0.14981,0.8445,-0.035423,0.65815,0.40291,0.51234,-0.26825,0.59127,-0.26993,0.14408,-0.55867,-0.34212,0.20036,0.26726,-0.28265,0.46521,0.39287,0.23887,0.74724,0.066024,0.029119,0.20239,0.015265,1,-0.097456,-0.27615,0.90118,0.4312,0.36947,-0.042997,0.3232,0.65485,0.70674,0.29031,0.46236,0.34991,0.54574,0.88637,-0.32408,-0.28277,0.12708,0.86907,0.22549,0.78048,0.51153,0.088893,0.39119,0.23758,0.33855,0.71725,0.83006,0.31005,-0.28797,0.36885,0.74352,0.80458,0.088377,0.090932,0.48071,0.15987,-0.053641,-0.031153,0.24224,0.49131,0.16264,0.65998,0.10159,-0.13619,0.52172,-0.39129,-0.20517,0.9311,-0.51682,0.0066669,0.29454,-0.11846,0.073694,0.22034,0.20356,0.49012,0.21554,0.61542,0.5598,0.28794,0.75975,0.37123,-0.3124
0.77476,0.45298,0.69126,0.08006,0.35191,0.42844,0.0048703,0.48447,0.61011,-0.074599,0.0099535,0.19466,0.55385,0.45597,-0.16906,0.26275,0.33537,0.39594,-0.092567,0.41106,0.33362,0.55697,0.57163,0.11719,0.098395,0.41827,-0.0098788,0.24959,0.39883,0.092534,0.71218,0.071153,0.54977,0.50344,0.30627,0.81735,-0.097456,1,0.58294,0.072846,0.45421,0.41492,0.58602,0.60511,0.26014,0.24099,0.55023,0.36433,0.51531,0.074147,-0.17173,0.6025,0.39307,0.49901,-0.0013241,0.44442,0.038191,0.46263,0.21542,0.21908,0.66333,0.63213,-0.035478,0.15201,0.50474,0.40962,0.1716,-0.028457,0.030529,0.76184,0.31495,0.50171,0.83185,0.38228,0.073243,0.35617,0.24119,0.46601,0.36334,0.38854,0.20921,0.39866,0.42161,0.63025,-0.12154,0.3936,0.75461,0.733,0.33099,0.53855,0.57968,0.25934,0.13731,0.28423,0.34054,0.20956,0.58725,0.20906,0.6519,0.20886
0.47657,0.79594,0.73864,0.33898,0.73711,0.78936,0.17852,0.56693,0.73401,-0.22835,0.47987,0.52769,0.74415,0.74521,-0.26648,0.62516,0.11291,0.33334,0.26398,0.53232,0.22507,0.68007,0.54674,0.60769,0.60863,0.72561,0.41305,0.69966,0.47646,0.32743,0.54319,0.10104,0.85456,0.69623,0.64524,0.45172,-0.27615,0.58294,1,-0.058838,0.35692,0.43599,0.785,0.59548,0.28052,0.049577,0.26213,0.43503,0.40761,0.24138,-0.45679,0.82245,0.64737,0.62793,-0.0082522,0.71182,-0.13586,0.39971,0.54982,0.47146,0.43864,0.56147,0.12302,-0.16347,0.56567,0.84645,0.4911,0.0078209,-0.28536,0.73699,0.70235,0.23297,0.62749,0.65627,0.52235,0.6734,0.34696,0.65989,0.20423,0.66121,0.61803,0.27347,0.80764,0.80771,-0.27042,0.82732,0.64412,0.43472,0.76675,0.66577,0.65506,0.51818,0.31478,0.53959,0.079201,0.13312,0.54467,0.032674,0.38455,0.58782
0.35841,0.23439,0.29164,0.61529,-0.043078,-0.018317,0.7184,0.47743,0.052292,0.83779,0.22644,0.11166,0.26439,0.34346,0.74814,0.1511,0.8044,0.57152,0.55441,-0.079068,0.73327,-0.045653,0.33976,-0.37991,-0.22441,0.37663,0.34712,-0.10106,0.6306,0.56815,0.43568,0.77266,0.27811,0.28887,0.37517,0.21971,0.90118,0.072846,-0.058838,1,0.5899,0.5155,0.18673,0.55669,0.7812,0.70991,0.40492,0.66788,0.5363,0.65044,0.76688,-0.11903,-0.0086702,0.36727,0.87877,0.43941,0.87376,0.67289,0.26479,0.55684,0.40087,0.58471,0.75745,0.81996,0.54131,-0.02994,0.5105,0.73895,0.78133,0.363,0.26325,0.61189,0.3621,0.1178,0.10396,0.43264,0.59442,0.33486,0.78122,0.22509,-0.011629,0.68121,-0.20818,0.021218,0.82797,-0.28253,0.2378,0.49835,0.017949,0.22961,0.43977,0.34275,0.60711,0.35385,0.63677,0.57934,0.50305,0.8877,0.49845,-0.19655
0.56484,0.56814,0.60503,0.43988,0.4763,0.50127,0.58457,0.72064,0.50692,0.33646,0.4524,0.57554,0.67681,0.56209,0.21158,0.35018,0.77634,0.58826,0.44214,0.46029,0.59555,0.43484,0.46066,0.27158,0.30906,0.64942,0.4474,0.3492,0.59647,0.64952,0.69707,0.66255,0.64935,0.56587,0.53242,0.51413,0.4312,0.45421,0.35692,0.5899,1,0.60546,0.6,0.75038,0.5954,0.53558,0.65839,0.51058,0.50641,0.40902,0.21531,0.3954,0.49322,0.52563,0.46622,0.63599,0.39861,0.6901,0.54068,0.54582,0.42707,0.62231,0.50085,0.5885,0.58543,0.48675,0.50251,0.48058,0.41117,0.63528,0.31956,0.66339,0.6637,0.46301,0.37045,0.61065,0.58951,0.51539,0.62886,0.54747,0.3374,0.7641,0.39868,0.59238,0.34592,0.27617,0.69163,0.5899,0.3883,0.47506,0.70125,0.31914,0.44794,0.50037,0.69465,0.25602,0.65621,0.75528,0.53279,0.40473
0.41362,0.58238,0.63739,0.68759,0.52842,0.48686,0.74068,0.84608,0.29461,0.47072,0.61685,0.5344,0.64606,0.52399,0.4548,0.64657,0.58333,0.28532,0.62488,0.10447,0.77326,0.32844,0.73814,0.19999,0.38879,0.75179,0.70103,0.41782,0.8502,0.3541,0.76381,0.72425,0.70867,0.64621,0.81598,0.39102,0.36947,0.41492,0.43599,0.5155,0.60546,1,0.66169,0.81222,0.78369,0.52841,0.13806,0.7051,0.4903,0.68158,0.17217,0.4521,0.36393,0.59892,0.54475,0.76787,0.31309,0.77083,0.58912,0.76991,0.44238,0.64592,0.69457,0.2996,0.7308,0.45908,0.79466,0.68085,0.36344,0.70086,0.68292,0.5028,0.69459,0.71692,0.60981,0.6985,0.84478,0.80321,0.3231,0.73966,0.5957,0.61719,0.50708,0.59844,0.41566,0.31036,0.41422,0.54871,0.44698,0.76424,0.55824,0.78167,0.71301,0.83989,0.70501,0.61471,0.64737,0.48917,0.6576,0.36171
0.51849,0.82591,0.7847,0.5812,0.80242,0.84267,0.51856,0.71767,0.73886,0.030855,0.69582,0.53505,0.86425,0.81148,-0.073513,0.77936,0.49686,0.44161,0.48097,0.52206,0.60163,0.66825,0.68679,0.56306,0.67596,0.77922,0.66209,0.76593,0.69572,0.43328,0.73923,0.46673,0.83388,0.76621,0.78948,0.52957,-0.042997,0.58602,0.785,0.18673,0.6,0.66169,1,0.79935,0.49131,0.33388,0.32438,0.54063,0.52128,0.44921,-0.28851,0.80429,0.56722,0.70992,0.19811,0.88181,0.028239,0.55919,0.62244,0.64961,0.47019,0.74362,0.43373,0.070857,0.7558,0.79704,0.69947,0.28219,-0.11411,0.85021,0.68742,0.53793,0.74004,0.85146,0.73634,0.81334,0.61061,0.82251,0.3303,0.84525,0.7146,0.59088,0.78461,0.88662,-0.019318,0.77093,0.68651,0.64223,0.75714,0.70508,0.75322,0.58363,0.4987,0.7582,0.37891,0.2353,0.72528,0.30694,0.55617,0.68796
0.59235,0.67049,0.77881,0.61687,0.60151,0.67308,0.6734,0.80483,0.61452,0.39193,0.54942,0.53665,0.76551,0.71438,0.30481,0.69862,0.67268,0.55649,0.56596,0.33943,0.81487,0.46505,0.82006,0.22804,0.36191,0.78546,0.57756,0.43302,0.89101,0.56609,0.84811,0.67379,0.81178,0.80934,0.77985,0.57046,0.3232,0.60511,0.59548,0.55669,0.75038,0.81222,0.79935,1,0.82237,0.55278,0.40823,0.81233,0.72313,0.60813,0.092467,0.58013,0.56128,0.75811,0.52788,0.84685,0.42321,0.87619,0.59688,0.78796,0.56048,0.82387,0.61269,0.33106,0.89712,0.6449,0.7401,0.5545,0.32839,0.89583,0.71265,0.65039,0.83486,0.7056,0.59724,0.73974,0.76251,0.82769,0.56131,0.69423,0.54469,0.72724,0.57161,0.74608,0.32977,0.41066,0.67128,0.73751,0.50293,0.75567,0.7493,0.67831,0.74557,0.74476,0.6568,0.55961,0.7684,0.61118,0.75265,0.35764
0.3597,0.43748,0.53967,0.72847,0.33533,0.33728,0.8307,0.69457,0.24109,0.73237,0.46392,0.39372,0.47795,0.50453,0.70302,0.55145,0.63774,0.43431,0.71444,-0.0065779,0.86468,0.11345,0.7157,-0.079616,0.11152,0.66585,0.60433,0.13484,0.89036,0.54691,0.63785,0.8326,0.56453,0.63123,0.69243,0.26388,0.65485,0.26014,0.28052,0.7812,0.5954,0.78369,0.49131,0.82237,1,0.6794,0.21702,0.88776,0.63309,0.78864,0.4808,0.22658,0.28417,0.62365,0.79585,0.68356,0.67088,0.87248,0.53196,0.83574,0.43589,0.72385,0.83253,0.45979,0.78526,0.32436,0.74724,0.84902,0.60679,0.63717,0.67219,0.58778,0.58236,0.51054,0.48691,0.61411,0.83377,0.66913,0.55275,0.53081,0.40486,0.64288,0.22756,0.39132,0.69264,0.033142,0.33352,0.58378,0.26946,0.63531,0.53683,0.73004,0.84656,0.68144,0.69118,0.74592,0.58707,0.68581,0.65417,0.084031
0.45136,0.31514,0.3449,0.50543,0.1711,0.13004,0.66529,0.36095,0.08682,0.77553,0.35143,0.15616,0.30024,0.39198,0.64643,0.2853,0.65963,0.4463,0.59834,0.11608,0.68476,0.054402,0.41952,-0.30062,-0.0017188,0.41125,0.36611,0.040081,0.64399,0.30153,0.51925,0.73423,0.3259,0.25389,0.41226,0.23341,0.70674,0.24099,0.049577,0.70991,0.53558,0.52841,0.33388,0.55278,0.6794,1,0.25064,0.48069,0.51768,0.66091,0.55899,0.041677,-0.071949,0.3181,0.77003,0.49602,0.51475,0.6854,0.21719,0.51319,0.39116,0.54245,0.70245,0.60809,0.57548,0.049282,0.52857,0.73535,0.54581,0.39855,0.26411,0.58304,0.41534,0.29719,0.23192,0.47028,0.64845,0.40709,0.56795,0.42343,0.10837,0.66606,-0.062478,0.15437,0.7327,-0.14726,0.21682,0.58272,0.21439,0.38807,0.41509,0.36647,0.61166,0.44982,0.62233,0.64083,0.54372,0.58362,0.61996,-0.0015207
0.65102,0.316,0.48504,0.1537,0.10099,0.20678,0.088297,0.35075,0.5363,0.095689,-0.039612,0.10696,0.40424,0.40222,-0.067697,-0.070077,0.59819,0.62916,-0.070475,0.40832,0.24748,0.36079,0.12036,0.020605,-0.090246,0.23841,-0.013753,0.053823,0.19472,0.47523,0.41337,0.19231,0.31353,0.25193,0.072931,0.61798,0.29031,0.55023,0.26213,0.40492,0.65839,0.13806,0.32438,0.40823,0.21702,0.25064,1,0.25622,0.41428,0.026374,0.17382,0.31395,0.22509,0.43508,0.21164,0.27798,0.38447,0.28568,0.28653,0.10301,0.51149,0.53237,0.10645,0.60765,0.29875,0.26055,0.039592,0.0038246,0.3075,0.49156,-0.016598,0.65219,0.51217,0.06958,-0.096378,0.30128,0.068859,0.15879,0.70109,0.135,-0.051651,0.50735,0.092185,0.36237,0.12785,0.15001,0.79124,0.50931,0.1659,0.10349,0.62823,-0.13906,-0.019909,-0.0080969,0.32739,-0.030812,0.50688,0.63844,0.35303,0.16885
0.43379,0.46099,0.60203,0.6422,0.35275,0.36894,0.66963,0.68549,0.39711,0.53742,0.33151,0.39997,0.48862,0.55671,0.53733,0.56544,0.57225,0.44456,0.57138,-0.017239,0.78199,0.12515,0.76668,0.0038449,0.072145,0.6831,0.50349,0.15123,0.83001,0.53768,0.62342,0.62335,0.6062,0.75153,0.7014,0.38142,0.46236,0.36433,0.43503,0.66788,0.51058,0.7051,0.54063,0.81233,0.88776,0.48069,0.25622,1,0.68851,0.73348,0.28127,0.37759,0.41452,0.75624,0.6581,0.695,0.66906,0.83939,0.57161,0.81064,0.58506,0.79125,0.66546,0.30233,0.82571,0.41655,0.71422,0.65386,0.53228,0.70998,0.76327,0.52769,0.62738,0.51006,0.4501,0.63789,0.72057,0.66124,0.57441,0.47085,0.41415,0.57196,0.31949,0.46526,0.48981,0.13903,0.43446,0.64906,0.25917,0.63322,0.54939,0.77087,0.79698,0.63021,0.5137,0.69768,0.62874,0.61058,0.65035,0.055299
0.66719,0.39859,0.55717,0.46557,0.32968,0.40528,0.44103,0.42631,0.50822,0.43341,0.28362,0.29936,0.47178,0.52031,0.38931,0.41134,0.56968,0.53253,0.36892,0.19499,0.62973,0.19504,0.64545,-0.0076036,0.059196,0.51838,0.22061,0.16469,0.71676,0.38034,0.54831,0.45581,0.51578,0.6126,0.50753,0.55736,0.34991,0.51531,0.40761,0.5363,0.50641,0.4903,0.52128,0.72313,0.63309,0.51768,0.41428,0.68851,1,0.5296,0.23439,0.46,0.35094,0.73213,0.54745,0.63131,0.50987,0.68347,0.3243,0.50702,0.69954,0.68591,0.50546,0.3826,0.82406,0.40468,0.57132,0.41283,0.47794,0.69958,0.50798,0.4632,0.67808,0.39312,0.31391,0.47352,0.5092,0.60453,0.57179,0.3456,0.25502,0.58079,0.26161,0.42373,0.37049,0.16646,0.46934,0.67698,0.23474,0.60122,0.51967,0.48463,0.59913,0.38549,0.44868,0.61993,0.59903,0.56737,0.61593,0.080614
0.2452,0.46147,0.43039,0.79768,0.35315,0.24179,0.81616,0.50739,0.16065,0.71364,0.47845,0.30722,0.40055,0.51085,0.66236,0.54696,0.55158,0.30326,0.77473,-0.036997,0.75369,0.01784,0.59014,-0.027102,0.17444,0.5709,0.66113,0.22045,0.75692,0.44842,0.42673,0.73502,0.44379,0.50856,0.70524,0.091731,0.54574,0.074147,0.24138,0.65044,0.40902,0.68158,0.44921,0.60813,0.78864,0.66091,0.026374,0.73348,0.5296,1,0.40166,0.17326,0.106,0.5908,0.7401,0.66739,0.57495,0.66133,0.50846,0.75172,0.37043,0.659,0.81431,0.35322,0.71056,0.24585,0.75994,0.82871,0.4728,0.48543,0.62515,0.50276,0.35715,0.54517,0.52307,0.68228,0.744,0.54449,0.44676,0.56721,0.41174,0.60617,0.18544,0.26621,0.64098,0.080325,0.13856,0.49642,0.34404,0.53086,0.40094,0.7264,0.75478,0.67703,0.45826,0.70535,0.52688,0.49989,0.52433,0.13062
0.11635,-0.18885,-0.15413,0.36611,-0.43719,-0.47163,0.44357,0.038192,-0.33997,0.83037,-0.14248,-0.19984,-0.19431,-0.067864,0.80839,-0.28498,0.46547,0.23815,0.30326,-0.31508,0.41199,-0.34941,-0.0003988,-0.65974,-0.54681,-0.063776,0.022681,-0.47301,0.23164,0.17772,-0.01227,0.50237,-0.20182,-0.21009,-0.077942,-0.10251,0.88637,-0.17173,-0.45679,0.76688,0.21531,0.17217,-0.28851,0.092467,0.4808,0.55899,0.17382,0.28127,0.23439,0.40166,1,-0.52535,-0.41665,-0.0074687,0.71614,-0.0020432,0.72313,0.28693,-0.1896,0.12469,0.12471,0.16463,0.54395,0.72354,0.12592,-0.46968,0.11799,0.58026,0.74812,-0.065109,-0.17308,0.34597,-0.028303,-0.2833,-0.30456,-0.032207,0.20731,-0.071539,0.5175,-0.17196,-0.35839,0.28427,-0.61792,-0.46163,0.88743,-0.64658,-0.19531,0.15819,-0.31005,-0.082735,-0.02196,0.026403,0.25375,-0.041781,0.37506,0.43715,-0.010176,0.57471,0.17031,-0.50889
0.5176,0.66978,0.67711,0.2926,0.78837,0.79405,0.18987,0.57205,0.75622,-0.24153,0.52308,0.55072,0.65797,0.62486,-0.22034,0.60933,0.19854,0.20185,0.21246,0.41665,0.26211,0.54291,0.6166,0.68612,0.68989,0.68688,0.4806,0.70359,0.45374,0.19273,0.60875,0.11552,0.73166,0.72881,0.65194,0.55578,-0.32408,0.6025,0.82245,-0.11903,0.3954,0.4521,0.80429,0.58013,0.22658,0.041677,0.31395,0.37759,0.46,0.17326,-0.52535,1,0.6138,0.69322,-0.064918,0.6972,-0.17811,0.35693,0.60965,0.45321,0.52845,0.53755,0.11033,-0.19469,0.56797,0.81626,0.51393,0.009084,-0.21476,0.72347,0.62046,0.22698,0.67769,0.75475,0.62803,0.5995,0.39584,0.69849,0.069626,0.69932,0.70773,0.29381,0.80056,0.84806,-0.28858,0.79626,0.67732,0.48605,0.65563,0.68313,0.56039,0.51688,0.29379,0.58486,0.17159,0.1227,0.58285,0.051101,0.39677,0.71704
0.24451,0.45199,0.58229,0.12061,0.66652,0.72726,0.14636,0.55195,0.68526,-0.28525,0.39889,0.71471,0.59406,0.41608,-0.24427,0.54829,0.18277,0.25522,0.13888,0.46253,0.18343,0.45404,0.45495,0.63389,0.56394,0.57164,0.3298,0.50811,0.38477,0.40703,0.44968,0.13932,0.6426,0.74452,0.48557,0.44116,-0.28277,0.39307,0.64737,-0.0086702,0.49322,0.36393,0.56722,0.56128,0.28417,-0.071949,0.22509,0.41452,0.35094,0.106,-0.41665,0.6138,1,0.53988,-0.045459,0.48358,-0.054913,0.44207,0.60291,0.48985,0.24772,0.38483,0.061032,-0.17223,0.44175,0.76555,0.34612,0.013449,-0.075051,0.54464,0.50095,0.15185,0.51564,0.5006,0.48981,0.44024,0.31402,0.44735,0.095507,0.43391,0.55322,0.30991,0.73865,0.74963,-0.3112,0.60438,0.54222,0.26452,0.38495,0.49686,0.50106,0.36986,0.27153,0.39861,0.15587,0.0058733,0.40228,0.20271,0.25133,0.55797
0.55964,0.63219,0.69876,0.62586,0.62168,0.61538,0.49455,0.60994,0.70754,0.23812,0.43307,0.49665,0.631,0.70244,0.20185,0.58535,0.50583,0.41861,0.45228,0.2695,0.60018,0.34512,0.71054,0.35717,0.34784,0.69513,0.51066,0.41666,0.68874,0.48809,0.57319,0.40696,0.66894,0.77746,0.69394,0.50366,0.12708,0.49901,0.62793,0.36727,0.52563,0.59892,0.70992,0.75811,0.62365,0.3181,0.43508,0.75624,0.73213,0.5908,-0.0074687,0.69322,0.53988,1,0.35416,0.77434,0.38222,0.61997,0.63662,0.66226,0.64024,0.79134,0.49479,0.15678,0.81433,0.67695,0.65973,0.37668,0.29454,0.80804,0.70019,0.50663,0.68791,0.64678,0.55922,0.68175,0.54432,0.7104,0.47025,0.57412,0.55009,0.51863,0.55359,0.67696,0.19942,0.48242,0.60135,0.6317,0.49325,0.67748,0.63454,0.62709,0.53483,0.59201,0.30093,0.45002,0.62406,0.46068,0.53156,0.40555
0.31945,0.24247,0.27197,0.64875,0.040639,0.0050265,0.75262,0.40546,-0.015602,0.8936,0.32161,0.17331,0.20631,0.34825,0.83112,0.25536,0.66785,0.4754,0.64509,-0.10439,0.73588,-0.13077,0.3918,-0.35562,-0.12747,0.42611,0.43702,-0.07373,0.67602,0.44404,0.38684,0.78864,0.30679,0.28622,0.44713,0.13639,0.86907,-0.0013241,-0.0082522,0.87877,0.46622,0.54475,0.19811,0.52788,0.79585,0.77003,0.21164,0.6581,0.54745,0.7401,0.71614,-0.064918,-0.045459,0.35416,1,0.47144,0.76485,0.68692,0.26889,0.61501,0.3691,0.55743,0.81691,0.6676,0.57583,0.0078284,0.60464,0.82455,0.72367,0.3268,0.36124,0.50174,0.32485,0.21815,0.21927,0.47678,0.67713,0.37703,0.63171,0.31257,0.10578,0.63889,-0.14707,0.039495,0.84528,-0.26761,0.12501,0.46858,0.079074,0.33373,0.36836,0.47618,0.71718,0.43407,0.58765,0.70976,0.4857,0.71071,0.53597,-0.15141
0.54062,0.86834,0.73588,0.78228,0.75158,0.75035,0.72943,0.73839,0.64994,0.32034,0.76775,0.58155,0.82566,0.87339,0.22005,0.75377,0.58839,0.53302,0.71492,0.42815,0.72937,0.55837,0.74855,0.42475,0.59905,0.8853,0.74247,0.70426,0.82073,0.55901,0.7175,0.65586,0.86729,0.78135,0.89306,0.39875,0.22549,0.44442,0.71182,0.43941,0.63599,0.76787,0.88181,0.84685,0.68356,0.49602,0.27798,0.695,0.63131,0.66739,-0.0020432,0.6972,0.48358,0.77434,0.47144,1,0.25448,0.68317,0.61604,0.77496,0.52093,0.79507,0.6615,0.24838,0.85961,0.74492,0.84906,0.51638,0.11212,0.83204,0.77443,0.53184,0.70487,0.80716,0.73988,0.88575,0.75288,0.88754,0.49799,0.85974,0.65975,0.66525,0.66277,0.7549,0.26134,0.63335,0.54994,0.6355,0.78502,0.75153,0.72709,0.733,0.6719,0.83067,0.44712,0.43759,0.73398,0.46474,0.57491,0.55477
0.24387,0.034,0.13006,0.47605,-0.16656,-0.16137,0.53402,0.30679,0.0064597,0.75453,-0.044685,-0.01241,0.047553,0.18196,0.70587,0.045304,0.60706,0.42778,0.40552,-0.27949,0.59712,-0.25916,0.27788,-0.41059,-0.42789,0.20593,0.2082,-0.31027,0.45694,0.48533,0.20757,0.56979,0.089504,0.21195,0.22776,0.095599,0.78048,0.038191,-0.13586,0.87376,0.39861,0.31309,0.028239,0.42321,0.67088,0.51475,0.38447,0.66906,0.50987,0.57495,0.72313,-0.17811,-0.054913,0.38222,0.76485,0.25448,1,0.53739,0.23514,0.46451,0.3287,0.50128,0.60107,0.64264,0.45391,-0.12432,0.33462,0.61576,0.81021,0.27784,0.22818,0.53142,0.20824,0.0049598,-0.010782,0.25063,0.39909,0.1652,0.69148,-0.014873,-0.063372,0.436,-0.28065,-0.11053,0.75863,-0.41621,0.14924,0.42184,-0.19495,0.090707,0.22269,0.29569,0.53114,0.17253,0.41095,0.526,0.28389,0.75684,0.34729,-0.33733
0.5342,0.44058,0.6214,0.5084,0.41183,0.43427,0.67704,0.73098,0.34972,0.56919,0.41085,0.48568,0.54842,0.49523,0.53108,0.56459,0.64937,0.45784,0.57796,0.13504,0.77248,0.19142,0.76974,-0.0062087,0.15889,0.69285,0.47937,0.17706,0.88004,0.45646,0.78792,0.70849,0.66898,0.7201,0.68862,0.48688,0.51153,0.46263,0.39971,0.67289,0.6901,0.77083,0.55919,0.87619,0.87248,0.6854,0.28568,0.83939,0.68347,0.66133,0.28693,0.35693,0.44207,0.61997,0.68692,0.68317,0.53739,1,0.50671,0.76878,0.54847,0.72555,0.6559,0.39475,0.81178,0.4084,0.70893,0.69303,0.54629,0.7104,0.64816,0.54294,0.73792,0.53403,0.43822,0.61359,0.79111,0.67483,0.53458,0.54126,0.40519,0.70198,0.34605,0.53189,0.50813,0.10977,0.48914,0.70516,0.27067,0.71052,0.59677,0.69504,0.83173,0.67013,0.72712,0.7394,0.70682,0.6234,0.78366,0.12111
0.18241,0.52356,0.57675,0.48988,0.65683,0.61558,0.5099,0.6924,0.48037,0.12405,0.5851,0.68116,0.56769,0.4869,0.14155,0.63741,0.369,0.18236,0.50543,0.1666,0.44092,0.23197,0.50153,0.55667,0.56863,0.66557,0.73604,0.47713,0.56401,0.50039,0.4708,0.4612,0.63726,0.7073,0.6993,0.24691,0.088893,0.21542,0.54982,0.26479,0.54068,0.58912,0.62244,0.59688,0.53196,0.21719,0.28653,0.57161,0.3243,0.50846,-0.1896,0.60965,0.60291,0.63662,0.26889,0.61604,0.23514,0.50671,1,0.71531,0.23885,0.51633,0.43449,0.045644,0.52875,0.66307,0.63786,0.41208,0.1687,0.53172,0.65628,0.35072,0.43728,0.70717,0.69891,0.66202,0.59979,0.55447,0.18284,0.62386,0.75789,0.43127,0.66825,0.69485,0.096214,0.46937,0.53,0.30555,0.43774,0.57031,0.53247,0.59644,0.52561,0.6711,0.37802,0.27118,0.51949,0.38891,0.28246,0.6469
0.23598,0.55594,0.54648,0.72981,0.6343,0.56298,0.81134,0.72225,0.4014,0.52157,0.64994,0.58203,0.56307,0.60596,0.48835,0.78287,0.4916,0.30976,0.78911,0.071659,0.76554,0.18925,0.74768,0.22914,0.42545,0.77876,0.7793,0.38483,0.83587,0.5504,0.60381,0.76833,0.68573,0.78109,0.86155,0.18259,0.39119,0.21908,0.47146,0.55684,0.54582,0.76991,0.64961,0.78796,0.83574,0.51319,0.10301,0.81064,0.50702,0.75172,0.12469,0.45321,0.48985,0.66226,0.61501,0.77496,0.46451,0.76878,0.71531,1,0.30889,0.69226,0.76837,0.18822,0.77174,0.54071,0.79125,0.72167,0.34444,0.64571,0.819,0.4807,0.5372,0.71382,0.73724,0.72487,0.84418,0.73157,0.35331,0.72648,0.67669,0.5526,0.47301,0.58235,0.45059,0.28508,0.35488,0.50753,0.43995,0.65426,0.51803,0.83154,0.83593,0.83297,0.53264,0.57831,0.56846,0.5069,0.54765,0.39667
0.83179,0.42799,0.61404,0.29878,0.20754,0.25093,0.22315,0.48017,0.50046,0.20914,0.07072,0.20066,0.43343,0.47199,0.20424,0.16826,0.51344,0.52528,0.065122,0.19163,0.4088,0.31383,0.58984,-0.054995,-0.035449,0.51073,0.053973,0.14928,0.5197,0.25662,0.64293,0.23707,0.50681,0.53466,0.41058,0.77566,0.23758,0.66333,0.43864,0.40087,0.42707,0.44238,0.47019,0.56048,0.43589,0.39116,0.51149,0.58506,0.69954,0.37043,0.12471,0.52845,0.24772,0.64024,0.3691,0.52093,0.3287,0.54847,0.23885,0.30889,1,0.70475,0.2631,0.38886,0.64122,0.30926,0.43626,0.2351,0.37592,0.65967,0.42241,0.41169,0.75696,0.29661,0.077456,0.45413,0.41506,0.50093,0.5529,0.34449,0.10653,0.5079,0.20553,0.41748,0.20037,0.23609,0.60817,0.73469,0.26191,0.50106,0.57776,0.39367,0.35111,0.3079,0.40249,0.55004,0.71705,0.4171,0.69119,0.03309
0.67906,0.66297,0.73735,0.70361,0.46597,0.48758,0.59016,0.65291,0.66882,0.40778,0.35751,0.31651,0.67412,0.74497,0.25373,0.55015,0.72362,0.65821,0.45872,0.37463,0.75165,0.45751,0.67966,0.106,0.2006,0.68303,0.47942,0.35273,0.77104,0.53375,0.69842,0.57123,0.69573,0.70414,0.67074,0.62748,0.33855,0.63213,0.56147,0.58471,0.62231,0.64592,0.74362,0.82387,0.72385,0.54245,0.53237,0.79125,0.68591,0.659,0.16463,0.53755,0.38483,0.79134,0.55743,0.79507,0.50128,0.72555,0.51633,0.69226,0.70475,1,0.58224,0.40845,0.8385,0.53813,0.6353,0.47623,0.31029,0.87465,0.61247,0.78824,0.76538,0.58304,0.40688,0.80563,0.59944,0.65354,0.7009,0.62426,0.37115,0.76014,0.3858,0.624,0.32956,0.38168,0.68195,0.84542,0.48093,0.59084,0.78555,0.56717,0.58786,0.60225,0.41762,0.47237,0.80822,0.60281,0.72842,0.24155
0.22494,0.44413,0.30022,0.83289,0.34829,0.25535,0.94313,0.5263,0.063679,0.81912,0.62592,0.31073,0.41399,0.51504,0.73131,0.4972,0.64538,0.32739,0.86985,-0.03984,0.77973,0.025519,0.50794,-0.069259,0.19224,0.58929,0.70707,0.23776,0.77379,0.49245,0.41042,0.90939,0.43095,0.44724,0.684,-0.0026307,0.71725,-0.035478,0.12302,0.75745,0.50085,0.69457,0.43373,0.61269,0.83253,0.70245,0.10645,0.66546,0.50546,0.81431,0.54395,0.11033,0.061032,0.49479,0.81691,0.6615,0.60107,0.6559,0.43449,0.76837,0.2631,0.58224,1,0.53452,0.67534,0.2015,0.77237,0.85677,0.54654,0.40594,0.52492,0.55126,0.3295,0.48115,0.5347,0.61435,0.78851,0.59368,0.49037,0.58006,0.40519,0.62202,0.11034,0.23295,0.78767,-0.00036783,0.087434,0.41326,0.32672,0.4438,0.3577,0.63271,0.7476,0.68386,0.60355,0.61211,0.42877,0.64548,0.43395,0.18069
0.49391,0.17079,0.20968,0.36987,-0.20505,-0.15611,0.48601,0.28261,-0.01711,0.64801,0.057756,-0.043432,0.20357,0.24686,0.50177,-0.1931,0.77032,0.59664,0.28582,0.085145,0.44779,0.039549,0.029311,-0.44435,-0.30088,0.18618,0.092313,-0.15339,0.33708,0.43639,0.3208,0.61039,0.15285,0.023538,0.1325,0.30134,0.83006,0.15201,-0.16347,0.81996,0.5885,0.2996,0.070857,0.33106,0.45979,0.60809,0.60765,0.30233,0.3826,0.35322,0.72354,-0.19469,-0.17223,0.15678,0.6676,0.24838,0.64264,0.39475,0.045644,0.18822,0.38886,0.40845,0.53452,1,0.30209,-0.16008,0.23739,0.46222,0.64356,0.19971,-0.08543,0.60802,0.31181,-0.098252,-0.1739,0.28944,0.30619,0.10646,0.78714,0.11838,-0.25314,0.64617,-0.32778,-0.032234,0.6858,-0.30065,0.29286,0.4012,0.015512,0.02804,0.40737,-0.025572,0.21183,0.077238,0.57423,0.30979,0.44395,0.83171,0.36454,-0.17391
0.60504,0.66395,0.70378,0.68775,0.56424,0.62753,0.67307,0.64162,0.57954,0.44434,0.53601,0.45049,0.69263,0.74062,0.37028,0.6721,0.61624,0.5476,0.6141,0.28069,0.77553,0.37383,0.83021,0.17125,0.3165,0.7486,0.53913,0.41711,0.87059,0.51173,0.70699,0.62694,0.73127,0.79492,0.78893,0.50126,0.31005,0.50474,0.56567,0.54131,0.58543,0.7308,0.7558,0.89712,0.78526,0.57548,0.29875,0.82571,0.82406,0.71056,0.12592,0.56797,0.44175,0.81433,0.57583,0.85961,0.45391,0.81178,0.52875,0.77174,0.64122,0.8385,0.67534,0.30209,1,0.59744,0.77891,0.54908,0.343,0.85285,0.7404,0.57638,0.74652,0.66854,0.57968,0.72726,0.71032,0.80796,0.55808,0.63845,0.49905,0.68386,0.49971,0.62625,0.36753,0.39709,0.5312,0.74313,0.50239,0.73775,0.65305,0.7104,0.755,0.68572,0.50853,0.63347,0.73459,0.54224,0.6822,0.29982
0.35244,0.75772,0.68936,0.38244,0.82903,0.90811,0.28493,0.57596,0.79411,-0.22743,0.62806,0.66658,0.77835,0.72689,-0.25392,0.69799,0.22776,0.35857,0.34245,0.60969,0.30832,0.67095,0.53353,0.78226,0.7546,0.74443,0.54469,0.75959,0.49443,0.4613,0.50442,0.21976,0.81038,0.74226,0.68465,0.36428,-0.28797,0.40962,0.84645,-0.02994,0.48675,0.45908,0.79704,0.6449,0.32436,0.049282,0.26055,0.41655,0.40468,0.24585,-0.46968,0.81626,0.76555,0.67695,0.0078284,0.74492,-0.12432,0.4084,0.66307,0.54071,0.30926,0.53813,0.2015,-0.16008,0.59744,1,0.54826,0.056916,-0.24384,0.71448,0.65943,0.23908,0.56502,0.72559,0.69058,0.67966,0.40871,0.68633,0.17298,0.68647,0.68531,0.36141,0.88269,0.84806,-0.27865,0.85556,0.60789,0.3664,0.74729,0.62259,0.63701,0.46873,0.36561,0.58829,0.12664,0.033163,0.51751,0.14457,0.29386,0.7407
0.33773,0.66213,0.58159,0.7612,0.61143,0.5891,0.80781,0.71406,0.31135,0.47396,0.79449,0.53915,0.65027,0.65214,0.46726,0.72731,0.54673,0.3349,0.79159,0.09728,0.73474,0.25956,0.69568,0.30802,0.54316,0.78809,0.80422,0.5708,0.85762,0.44426,0.61461,0.73454,0.72137,0.70307,0.89369,0.23197,0.36885,0.1716,0.4911,0.5105,0.50251,0.79466,0.69947,0.7401,0.74724,0.52857,0.039592,0.71422,0.57132,0.75994,0.11799,0.51393,0.34612,0.65973,0.60464,0.84906,0.33462,0.70893,0.63786,0.79125,0.43626,0.6353,0.77237,0.23739,0.77891,0.54826,1,0.68856,0.28807,0.61335,0.78467,0.36482,0.54836,0.77148,0.77804,0.78143,0.85353,0.82803,0.34102,0.7749,0.69451,0.59058,0.52337,0.60114,0.42062,0.40747,0.32051,0.45871,0.57501,0.74835,0.53125,0.82105,0.79858,0.86511,0.53729,0.62027,0.64103,0.44723,0.4854,0.45995
0.17967,0.27267,0.23695,0.68473,0.24827,0.092607,0.85944,0.52931,-0.077267,0.84684,0.47431,0.34274,0.23845,0.30022,0.82096,0.41672,0.546,0.18742,0.79173,-0.17594,0.75463,-0.13636,0.5478,-0.16421,0.063208,0.51825,0.6311,0.050026,0.70114,0.3438,0.44375,0.84862,0.3297,0.39867,0.59553,-0.015837,0.74352,-0.028457,0.0078209,0.73895,0.48058,0.68085,0.28219,0.5545,0.84902,0.73535,0.0038246,0.65386,0.41283,0.82871,0.58026,0.009084,0.013449,0.37668,0.82455,0.51638,0.61576,0.69303,0.41208,0.72167,0.2351,0.47623,0.85677,0.46222,0.54908,0.056916,0.68856,1,0.65256,0.3242,0.47063,0.45405,0.30268,0.42384,0.44353,0.51314,0.82083,0.49056,0.37366,0.47319,0.32855,0.5391,0.029053,0.12477,0.81434,-0.18355,0.018399,0.40795,0.1341,0.46275,0.25948,0.68023,0.76676,0.65308,0.65755,0.72728,0.37875,0.55531,0.51884,0.027114
0.29073,-0.14905,0.04116,0.30136,-0.19125,-0.25464,0.44332,0.31996,-0.19979,0.74847,-0.05678,0.11672,-0.05545,-0.060083,0.80408,-0.088044,0.539,0.19521,0.30607,-0.38052,0.47108,-0.39438,0.2749,-0.44324,-0.43064,0.14771,0.11469,-0.40222,0.39646,0.22724,0.23507,0.54284,0.0024541,0.16628,0.1444,0.16972,0.80458,0.030529,-0.28536,0.78133,0.41117,0.36344,-0.11411,0.32839,0.60679,0.54581,0.3075,0.53228,0.47794,0.4728,0.74812,-0.21476,-0.075051,0.29454,0.72367,0.11212,0.81021,0.54629,0.1687,0.34444,0.37592,0.31029,0.54654,0.64356,0.343,-0.24384,0.28807,0.65256,1,0.14519,0.092335,0.35175,0.2615,-0.037319,-0.072489,0.073098,0.42293,0.12167,0.46949,-0.060423,-0.089079,0.38068,-0.3175,-0.15136,0.80048,-0.55877,0.062213,0.32868,-0.36365,0.18841,0.074227,0.27622,0.46904,0.14219,0.59789,0.63969,0.21325,0.66909,0.36783,-0.3157
0.69393,0.74805,0.83591,0.5754,0.62511,0.71379,0.45833,0.73687,0.76502,0.17706,0.44193,0.4187,0.8039,0.77181,0.075118,0.65113,0.55802,0.56666,0.37258,0.4533,0.67051,0.6135,0.79078,0.32319,0.36401,0.74269,0.46725,0.50281,0.75504,0.45411,0.8107,0.43369,0.81914,0.77465,0.70477,0.67443,0.088377,0.76184,0.73699,0.363,0.63528,0.70086,0.85021,0.89583,0.63717,0.39855,0.49156,0.70998,0.69958,0.48543,-0.065109,0.72347,0.54464,0.80804,0.3268,0.83204,0.27784,0.7104,0.53172,0.64571,0.65967,0.87465,0.40594,0.19971,0.85285,0.71448,0.61335,0.3242,0.14519,1,0.6814,0.64924,0.87989,0.71293,0.51211,0.72794,0.58634,0.79776,0.52458,0.67957,0.51752,0.61898,0.62474,0.78625,0.10626,0.57224,0.77218,0.79098,0.57981,0.73808,0.78248,0.59549,0.55283,0.65661,0.44942,0.40369,0.76325,0.44348,0.71821,0.40041
0.25868,0.66893,0.59776,0.59175,0.65296,0.65032,0.57934,0.69062,0.45749,0.21855,0.60066,0.54564,0.59248,0.6636,0.25454,0.80866,0.2132,0.23084,0.61226,0.07393,0.58109,0.29934,0.79717,0.37303,0.49155,0.80789,0.67035,0.5037,0.77222,0.44381,0.58522,0.48434,0.77621,0.796,0.86527,0.22223,0.090932,0.31495,0.70235,0.26325,0.31956,0.68292,0.68742,0.71265,0.67219,0.26411,-0.016598,0.76327,0.50798,0.62515,-0.17308,0.62046,0.50095,0.70019,0.36124,0.77443,0.22818,0.64816,0.65628,0.819,0.42241,0.61247,0.52492,-0.08543,0.7404,0.65943,0.78467,0.47063,0.092335,0.6814,1,0.21472,0.57278,0.76402,0.73514,0.67285,0.73697,0.8203,0.18208,0.69509,0.73975,0.30238,0.66063,0.65704,0.1563,0.51704,0.35926,0.44109,0.58363,0.73215,0.47687,0.88256,0.75593,0.80017,0.37349,0.56966,0.53445,0.19107,0.51826,0.40063
0.52848,0.43413,0.54795,0.59417,0.2507,0.2543,0.55718,0.5105,0.44457,0.46627,0.22835,0.077814,0.51479,0.52923,0.24301,0.3015,0.79147,0.5639,0.35918,0.32742,0.66676,0.32656,0.39063,-0.083437,0.022065,0.37871,0.37556,0.16155,0.55239,0.4332,0.55724,0.59331,0.40247,0.39557,0.37102,0.46897,0.48071,0.50171,0.23297,0.61189,0.66339,0.5028,0.53793,0.65039,0.58778,0.58304,0.65219,0.52769,0.4632,0.50276,0.34597,0.22698,0.15185,0.50663,0.50174,0.53184,0.53142,0.54294,0.35072,0.4807,0.41169,0.78824,0.55126,0.60802,0.57638,0.23908,0.36482,0.45405,0.35175,0.64924,0.21472,1,0.55854,0.37499,0.21961,0.59263,0.42753,0.37436,0.73154,0.46271,0.16077,0.76331,0.12371,0.42372,0.44488,0.1166,0.6069,0.7059,0.27512,0.3071,0.66875,0.24517,0.33722,0.39664,0.46175,0.23951,0.60738,0.70233,0.57346,0.19062
0.80811,0.59638,0.80813,0.38069,0.49008,0.58264,0.37511,0.7597,0.62054,0.18004,0.33384,0.44226,0.70545,0.59491,0.11085,0.48261,0.5727,0.51214,0.21959,0.37717,0.58947,0.53012,0.76482,0.18665,0.27119,0.69367,0.31319,0.37495,0.71423,0.32801,0.89902,0.41079,0.78327,0.73497,0.60989,0.82723,0.15987,0.83185,0.62749,0.3621,0.6637,0.69459,0.74004,0.83486,0.58236,0.41534,0.51217,0.62738,0.67808,0.35715,-0.028303,0.67769,0.51564,0.68791,0.32485,0.70487,0.20824,0.73792,0.43728,0.5372,0.75696,0.76538,0.3295,0.31181,0.74652,0.56502,0.54836,0.30268,0.2615,0.87989,0.57278,0.55854,1,0.58626,0.3658,0.59944,0.58732,0.73456,0.46938,0.61399,0.41251,0.62921,0.52397,0.7478,0.11915,0.42981,0.78565,0.80943,0.44112,0.74549,0.74698,0.53661,0.4803,0.5828,0.62351,0.48361,0.79806,0.46826,0.81905,0.32303
0.29131,0.67842,0.61614,0.59204,0.85155,0.78875,0.59287,0.73165,0.49643,0.12652,0.7699,0.5866,0.69811,0.61791,0.07361,0.83975,0.32292,0.10446,0.60155,0.24415,0.55944,0.40977,0.72686,0.61649,0.74321,0.74187,0.84847,0.71851,0.68298,0.25856,0.64278,0.51695,0.75054,0.73401,0.8534,0.29555,-0.053641,0.38228,0.65627,0.1178,0.46301,0.71692,0.85146,0.7056,0.51054,0.29719,0.06958,0.51006,0.39312,0.54517,-0.2833,0.75475,0.5006,0.64678,0.21815,0.80716,0.0049598,0.53403,0.70717,0.71382,0.29661,0.58304,0.48115,-0.098252,0.66854,0.72559,0.77148,0.42384,-0.037319,0.71293,0.76402,0.37499,0.58626,1,0.89222,0.7286,0.70747,0.81346,0.050567,0.87995,0.89609,0.44606,0.78639,0.80762,0.054057,0.65858,0.45428,0.46369,0.65384,0.76949,0.49969,0.73984,0.61523,0.87759,0.40798,0.33828,0.55913,0.15587,0.47122,0.73962
0.048282,0.60424,0.46847,0.60132,0.81313,0.77167,0.63587,0.59974,0.40718,0.11616,0.87605,0.62381,0.6059,0.56422,0.11117,0.87225,0.23849,0.056025,0.68796,0.20433,0.53745,0.28752,0.59954,0.64043,0.81258,0.67806,0.88971,0.71494,0.63281,0.35257,0.47208,0.53369,0.63264,0.67588,0.81555,0.042341,-0.031153,0.073243,0.52235,0.10396,0.37045,0.60981,0.73634,0.59724,0.48691,0.23192,-0.096378,0.4501,0.31391,0.52307,-0.30456,0.62803,0.48981,0.55922,0.21927,0.73988,-0.010782,0.43822,0.69891,0.73724,0.077456,0.40688,0.5347,-0.1739,0.57968,0.69058,0.77804,0.44353,-0.072489,0.51211,0.73514,0.21961,0.3658,0.89222,1,0.65777,0.69167,0.76065,-0.042767,0.79843,0.8871,0.35478,0.73794,0.69604,0.068678,0.60286,0.25393,0.2443,0.617,0.633,0.39493,0.69093,0.63189,0.83605,0.3206,0.27932,0.41389,0.13618,0.28792,0.74702
0.48073,0.84522,0.70913,0.76261,0.66954,0.6159,0.67798,0.68667,0.58938,0.29049,0.69009,0.54234,0.77473,0.83238,0.16223,0.66923,0.62078,0.54514,0.65313,0.45453,0.64663,0.54134,0.56169,0.40324,0.55528,0.8196,0.71607,0.68339,0.72141,0.54145,0.63999,0.59899,0.81087,0.67862,0.82859,0.36675,0.24224,0.35617,0.6734,0.43264,0.61065,0.6985,0.81334,0.73974,0.61411,0.47028,0.30128,0.63789,0.47352,0.68228,-0.032207,0.5995,0.44024,0.68175,0.47678,0.88575,0.25063,0.61359,0.66202,0.72487,0.45413,0.80563,0.61435,0.28944,0.72726,0.67966,0.78143,0.51314,0.073098,0.72794,0.67285,0.59263,0.59944,0.7286,0.65777,1,0.69192,0.71349,0.52285,0.82546,0.56712,0.72743,0.60385,0.71044,0.22352,0.59449,0.55841,0.59641,0.75255,0.62033,0.77187,0.64605,0.57235,0.77189,0.34369,0.34477,0.77693,0.47382,0.52492,0.5242
0.31959,0.5419,0.53082,0.68244,0.531,0.47092,0.84251,0.76661,0.23143,0.59249,0.70309,0.55964,0.57425,0.52269,0.5686,0.69235,0.56406,0.28056,0.7723,0.058801,0.7838,0.19227,0.72748,0.13812,0.39731,0.75937,0.76136,0.39449,0.85794,0.4325,0.72299,0.83227,0.65892,0.65485,0.8404,0.25095,0.49131,0.24119,0.34696,0.59442,0.58951,0.84478,0.61061,0.76251,0.83377,0.64845,0.068859,0.72057,0.5092,0.744,0.20731,0.39584,0.31402,0.54432,0.67713,0.75288,0.39909,0.79111,0.59979,0.84418,0.41506,0.59944,0.78851,0.30619,0.71032,0.40871,0.85353,0.82083,0.42293,0.58634,0.73697,0.42753,0.58732,0.70747,0.69167,0.69192,1,0.7746,0.32122,0.74286,0.59268,0.61984,0.41898,0.54523,0.53963,0.22036,0.30282,0.52753,0.42542,0.68519,0.4916,0.80053,0.85292,0.87099,0.74045,0.70331,0.62773,0.50399,0.65432,0.32458
0.47467,0.7623,0.67909,0.65885,0.69721,0.73846,0.6533,0.75661,0.54305,0.28094,0.7477,0.55989,0.7562,0.74436,0.22266,0.77336,0.4324,0.36857,0.6228,0.26585,0.70913,0.50216,0.81702,0.38963,0.57127,0.83827,0.69513,0.64695,0.82788,0.4211,0.75229,0.58763,0.81918,0.74134,0.87434,0.38297,0.16264,0.46601,0.65989,0.33486,0.51539,0.80321,0.82251,0.82769,0.66913,0.40709,0.15879,0.66124,0.60453,0.54449,-0.071539,0.69849,0.44735,0.7104,0.37703,0.88754,0.1652,0.67483,0.55447,0.73157,0.50093,0.65354,0.59368,0.10646,0.80796,0.68633,0.82803,0.49056,0.12167,0.79776,0.8203,0.37436,0.73456,0.81346,0.76065,0.71349,0.7746,1,0.29638,0.81016,0.68762,0.47684,0.68475,0.72604,0.21917,0.58267,0.48024,0.55436,0.68373,0.78523,0.59573,0.75961,0.68738,0.85256,0.53649,0.52119,0.63471,0.33271,0.61516,0.49158
0.63617,0.45157,0.48773,0.50835,-0.0085419,0.1048,0.45495,0.35649,0.42987,0.50033,0.093724,0.062461,0.44593,0.58943,0.30824,0.063492,0.81944,0.85264,0.31256,0.32749,0.58129,0.31363,0.25791,-0.23866,-0.19585,0.3871,0.11097,0.049177,0.47776,0.66345,0.43256,0.51515,0.38006,0.2943,0.26926,0.44356,0.65998,0.36334,0.20423,0.78122,0.62886,0.3231,0.3303,0.56131,0.55275,0.56795,0.70109,0.57441,0.57179,0.44676,0.5175,0.069626,0.095507,0.47025,0.63171,0.49799,0.69148,0.53458,0.18284,0.35331,0.5529,0.7009,0.49037,0.78714,0.55808,0.17298,0.34102,0.37366,0.46949,0.52458,0.18208,0.73154,0.46938,0.050567,-0.042767,0.52285,0.32122,0.29638,1,0.21683,-0.14513,0.70167,-0.051337,0.18899,0.51244,0.027507,0.5422,0.63452,0.25807,0.12918,0.65707,0.11104,0.32248,0.17281,0.36224,0.28245,0.60646,0.82614,0.4734,-0.10708
0.39997,0.80173,0.6524,0.67697,0.81817,0.73118,0.68236,0.72259,0.5042,0.2074,0.82692,0.57512,0.76257,0.74608,0.11159,0.77118,0.4447,0.27153,0.66631,0.38034,0.57893,0.54506,0.65632,0.51316,0.74724,0.83202,0.83217,0.7771,0.69351,0.35679,0.69257,0.62666,0.80725,0.68618,0.86841,0.3042,0.10159,0.38854,0.66121,0.22509,0.54747,0.73966,0.84525,0.69423,0.53081,0.42343,0.135,0.47085,0.3456,0.56721,-0.17196,0.69932,0.43391,0.57412,0.31257,0.85974,-0.014873,0.54126,0.62386,0.72648,0.34449,0.62426,0.58006,0.11838,0.63845,0.68647,0.7749,0.47319,-0.060423,0.67957,0.69509,0.46271,0.61399,0.87995,0.79843,0.82546,0.74286,0.81016,0.21683,1,0.77186,0.55214,0.70024,0.77137,0.15393,0.66834,0.46313,0.52396,0.80146,0.70481,0.60587,0.70075,0.56253,0.90221,0.45714,0.31651,0.63647,0.26467,0.51325,0.71488
0.060726,0.53125,0.46554,0.47946,0.83881,0.74989,0.50064,0.64846,0.39249,0.025059,0.74514,0.62445,0.55175,0.45965,0.059658,0.81988,0.12833,-0.087893,0.564,0.088537,0.39892,0.23394,0.60824,0.67902,0.77309,0.65473,0.83037,0.64581,0.566,0.21861,0.44833,0.425,0.64953,0.69722,0.76447,0.12644,-0.13619,0.20921,0.61803,-0.011629,0.3374,0.5957,0.7146,0.54469,0.40486,0.10837,-0.051651,0.41415,0.25502,0.41174,-0.35839,0.70773,0.55322,0.55009,0.10578,0.65975,-0.063372,0.40519,0.75789,0.67669,0.10653,0.37115,0.40519,-0.25314,0.49905,0.68531,0.69451,0.32855,-0.089079,0.51752,0.73975,0.16077,0.41251,0.89609,0.8871,0.56712,0.59268,0.68762,-0.14513,0.77186,1,0.23266,0.77274,0.72921,-0.024341,0.6012,0.31369,0.21617,0.54601,0.69378,0.32834,0.70403,0.54439,0.79857,0.30617,0.2275,0.34109,0.049209,0.23858,0.77404
0.58684,0.51654,0.64574,0.58332,0.31783,0.36279,0.65574,0.57315,0.42581,0.48937,0.44308,0.35295,0.62315,0.56001,0.32067,0.40663,0.87108,0.64287,0.47817,0.43732,0.71203,0.32524,0.44135,0.016839,0.23452,0.52522,0.44728,0.29292,0.69619,0.50708,0.68157,0.68539,0.54793,0.53199,0.52993,0.58369,0.52172,0.39866,0.27347,0.68121,0.7641,0.61719,0.59088,0.72724,0.64288,0.66606,0.50735,0.57196,0.58079,0.60617,0.28427,0.29381,0.30991,0.51863,0.63889,0.66525,0.436,0.70198,0.43127,0.5526,0.5079,0.76014,0.62202,0.64617,0.68386,0.36141,0.59058,0.5391,0.38068,0.61898,0.30238,0.76331,0.62921,0.44606,0.35478,0.72743,0.61984,0.47684,0.70167,0.55214,0.23266,1,0.25182,0.52545,0.4356,0.21585,0.57551,0.70069,0.36765,0.45505,0.76917,0.35381,0.52272,0.50183,0.60499,0.40753,0.8231,0.77484,0.66264,0.27312
0.24802,0.69114,0.63205,0.25954,0.83727,0.86128,0.22342,0.60325,0.65255,-0.32609,0.6426,0.70912,0.7386,0.59516,-0.32823,0.71192,0.095491,0.1309,0.28879,0.49012,0.23216,0.61751,0.54847,0.84019,0.80733,0.69477,0.55187,0.79674,0.44604,0.27887,0.50312,0.15253,0.75791,0.71341,0.67986,0.32232,-0.39129,0.42161,0.80764,-0.20818,0.39868,0.50708,0.78461,0.57161,0.22756,-0.062478,0.092185,0.31949,0.26161,0.18544,-0.61792,0.80056,0.73865,0.55359,-0.14707,0.66277,-0.28065,0.34605,0.66825,0.47301,0.20553,0.3858,0.11034,-0.32778,0.49971,0.88269,0.52337,0.029053,-0.3175,0.62474,0.66063,0.12371,0.52397,0.78639,0.73794,0.60385,0.41898,0.68475,-0.051337,0.70024,0.77274,0.25182,1,0.86813,-0.36249,0.86361,0.52966,0.26958,0.69481,0.65332,0.49866,0.51178,0.3024,0.6271,0.16737,0.019991,0.4353,-0.025211,0.24829,0.79041
0.48718,0.71575,0.79815,0.34897,0.79878,0.85947,0.35805,0.72767,0.75639,-0.16865,0.62185,0.63701,0.8058,0.67295,-0.23216,0.71725,0.38261,0.33815,0.31497,0.54374,0.41986,0.63379,0.62224,0.65933,0.71787,0.73157,0.57039,0.71138,0.60089,0.36238,0.73024,0.34375,0.83111,0.81964,0.72461,0.60235,-0.20517,0.63025,0.80771,0.021218,0.59238,0.59844,0.88662,0.74608,0.39132,0.15437,0.36237,0.46526,0.42373,0.26621,-0.46163,0.84806,0.74963,0.67696,0.039495,0.7549,-0.11053,0.53189,0.69485,0.58235,0.41748,0.624,0.23295,-0.032234,0.62625,0.84806,0.60114,0.12477,-0.15136,0.78625,0.65704,0.42372,0.7478,0.80762,0.69604,0.71044,0.54523,0.72604,0.18899,0.77137,0.72921,0.52545,0.86813,1,-0.22217,0.78162,0.76347,0.51755,0.6604,0.71562,0.74497,0.52041,0.40562,0.68072,0.35721,0.14037,0.70076,0.24329,0.49774,0.74638
0.16578,0.017431,-0.001568,0.56482,-0.14093,-0.23919,0.71315,0.25239,-0.27258,0.96159,0.17955,0.0089621,-0.0074552,0.13509,0.92664,0.054583,0.56795,0.21486,0.6226,-0.34442,0.63364,-0.3376,0.26171,-0.51789,-0.30257,0.20127,0.35014,-0.26873,0.49406,0.26636,0.19649,0.75224,0.030538,0.047973,0.25626,-0.10097,0.9311,-0.12154,-0.27042,0.82797,0.34592,0.41566,-0.019318,0.32977,0.69264,0.7327,0.12785,0.48981,0.37049,0.64098,0.88743,-0.28858,-0.3112,0.19942,0.84528,0.26134,0.75863,0.50813,0.096214,0.45059,0.20037,0.32956,0.78767,0.6858,0.36753,-0.27865,0.42062,0.81434,0.80048,0.10626,0.1563,0.44488,0.11915,0.054057,0.068678,0.22352,0.53963,0.21917,0.51244,0.15393,-0.024341,0.4356,-0.36249,-0.22217,1,-0.50693,-0.12231,0.29716,-0.10626,0.16166,0.091283,0.33994,0.5603,0.3049,0.58263,0.65174,0.18085,0.62899,0.36592,-0.27256
0.29911,0.79467,0.6097,0.27206,0.7611,0.83307,0.1097,0.41115,0.73825,-0.46728,0.59307,0.49065,0.75207,0.69862,-0.52729,0.57651,0.08001,0.2747,0.17965,0.67143,0.11369,0.7895,0.36994,0.80563,0.7994,0.60744,0.43069,0.87544,0.28054,0.31047,0.39438,0.00074187,0.69223,0.56624,0.56063,0.32872,-0.51682,0.3936,0.82732,-0.28253,0.27617,0.31036,0.77093,0.41066,0.033142,-0.14726,0.15001,0.13903,0.16646,0.080325,-0.64658,0.79626,0.60438,0.48242,-0.26761,0.63335,-0.41621,0.10977,0.46937,0.28508,0.23609,0.38168,-0.00036783,-0.30065,0.39709,0.85556,0.40747,-0.18355,-0.55877,0.57224,0.51704,0.1166,0.42981,0.65858,0.60286,0.59449,0.22036,0.58267,0.027507,0.66834,0.6012,0.21585,0.86361,0.78162,-0.50693,1,0.52821,0.23039,0.82892,0.45916,0.54361,0.29982,0.080387,0.47006,-0.067772,-0.19852,0.43346,-0.089219,0.14184,0.7687
0.69841,0.5791,0.81445,0.21412,0.43598,0.57716,0.15329,0.63181,0.75108,-0.074578,0.22015,0.36817,0.68654,0.5911,-0.20941,0.33276,0.52129,0.59844,0.02439,0.55285,0.37366,0.61346,0.45495,0.32216,0.28207,0.52838,0.19603,0.38231,0.43405,0.45982,0.72707,0.20441,0.67189,0.60558,0.39974,0.79499,0.0066669,0.75461,0.64412,0.2378,0.69163,0.41422,0.68651,0.67128,0.33352,0.21682,0.79124,0.43446,0.46934,0.13856,-0.19531,0.67732,0.54222,0.60135,0.12501,0.54994,0.14924,0.48914,0.53,0.35488,0.60817,0.68195,0.087434,0.29286,0.5312,0.60789,0.32051,0.018399,0.062213,0.77218,0.35926,0.6069,0.78565,0.45428,0.25393,0.55841,0.30282,0.48024,0.5422,0.46313,0.31369,0.57551,0.52966,0.76347,-0.12231,0.52821,1,0.65499,0.43086,0.47082,0.83737,0.20087,0.19621,0.34214,0.37937,0.10759,0.76376,0.47394,0.56348,0.434
0.76939,0.49405,0.65994,0.44433,0.33216,0.35138,0.43403,0.55849,0.55353,0.36713,0.1776,0.22372,0.55036,0.57773,0.23709,0.39329,0.64543,0.53999,0.2689,0.31965,0.64866,0.38058,0.70253,-0.037167,0.048052,0.54555,0.26669,0.21438,0.65083,0.29989,0.77028,0.43931,0.56738,0.57792,0.49139,0.70581,0.29454,0.733,0.43472,0.49835,0.5899,0.54871,0.64223,0.73751,0.58378,0.58272,0.50931,0.64906,0.67698,0.49642,0.15819,0.48605,0.26452,0.6317,0.46858,0.6355,0.42184,0.70516,0.30555,0.50753,0.73469,0.84542,0.41326,0.4012,0.74313,0.3664,0.45871,0.40795,0.32868,0.79098,0.44109,0.7059,0.80943,0.46369,0.2443,0.59641,0.52753,0.55436,0.63452,0.52396,0.21617,0.70069,0.26958,0.51755,0.29716,0.23039,0.65499,1,0.333,0.56718,0.6545,0.47092,0.49845,0.4726,0.50706,0.49536,0.75107,0.49164,0.81932,0.13815
0.39055,0.91138,0.59709,0.5297,0.72881,0.74106,0.42385,0.45645,0.61251,-0.087185,0.70457,0.48082,0.77388,0.85504,-0.19508,0.59031,0.23796,0.42891,0.48978,0.63501,0.307,0.74836,0.40454,0.58501,0.7198,0.74186,0.58957,0.84157,0.45138,0.44901,0.4565,0.33549,0.7649,0.50811,0.68516,0.19152,-0.11846,0.33099,0.76675,0.017949,0.3883,0.44698,0.75714,0.50293,0.26946,0.21439,0.1659,0.25917,0.23474,0.34404,-0.31005,0.65563,0.38495,0.49325,0.079074,0.78502,-0.19495,0.27067,0.43774,0.43995,0.26191,0.48093,0.32672,0.015512,0.50239,0.74729,0.57501,0.1341,-0.36365,0.57981,0.58363,0.27512,0.44112,0.65384,0.617,0.75255,0.42542,0.68373,0.25807,0.80146,0.54601,0.36765,0.69481,0.6604,-0.10626,0.82892,0.43086,0.333,1,0.50674,0.60779,0.41187,0.25516,0.61412,0.10702,0.028286,0.48709,0.10377,0.266,0.65505
0.4841,0.57843,0.66606,0.4643,0.64726,0.64479,0.50979,0.71834,0.41865,0.21742,0.55983,0.58414,0.61712,0.53386,0.27996,0.65624,0.29213,0.15041,0.49758,0.18545,0.55483,0.33428,0.80025,0.3792,0.51557,0.74099,0.6082,0.48162,0.75856,0.13714,0.71601,0.4682,0.74736,0.7444,0.76474,0.45823,0.073694,0.53855,0.66577,0.22961,0.47506,0.76424,0.70508,0.75567,0.63531,0.38807,0.10349,0.63322,0.60122,0.53086,-0.082735,0.68313,0.49686,0.67748,0.33373,0.75153,0.090707,0.71052,0.57031,0.65426,0.50106,0.59084,0.4438,0.02804,0.73775,0.62259,0.74835,0.46275,0.18841,0.73808,0.73215,0.3071,0.74549,0.76949,0.633,0.62033,0.68519,0.78523,0.12918,0.70481,0.69378,0.45505,0.65332,0.71562,0.16166,0.45916,0.47082,0.56718,0.50674,1,0.52963,0.78956,0.64555,0.73684,0.51182,0.58015,0.58752,0.19927,0.59796,0.47551
0.6404,0.73253,0.86585,0.50137,0.44925,0.59428,0.40945,0.65265,0.72602,0.14236,0.43636,0.41787,0.79474,0.7596,-0.012327,0.48886,0.66023,0.74813,0.28634,0.63646,0.56476,0.63569,0.47505,0.24482,0.36637,0.65007,0.37955,0.47411,0.63333,0.6264,0.74132,0.42468,0.74308,0.65469,0.55369,0.68489,0.22034,0.57968,0.65506,0.43977,0.70125,0.55824,0.75322,0.7493,0.53683,0.41509,0.62823,0.54939,0.51967,0.40094,-0.02196,0.56039,0.50106,0.63454,0.36836,0.72709,0.22269,0.59677,0.53247,0.51803,0.57776,0.78555,0.3577,0.40737,0.65305,0.63701,0.53125,0.25948,0.074227,0.78248,0.47687,0.66875,0.74698,0.49969,0.39493,0.77187,0.4916,0.59573,0.65707,0.60587,0.32834,0.76917,0.49866,0.74497,0.091283,0.54361,0.83737,0.6545,0.60779,0.52963,1,0.32766,0.37024,0.48541,0.40816,0.25677,0.86634,0.60411,0.65776,0.4121
0.25689,0.50278,0.47895,0.63782,0.59713,0.45856,0.68976,0.68885,0.23647,0.39416,0.57003,0.5392,0.45438,0.48945,0.47249,0.72411,0.26432,0.046807,0.70525,-0.10959,0.627,0.11324,0.83879,0.25176,0.39248,0.76841,0.71858,0.39384,0.7691,0.22981,0.58163,0.59425,0.6566,0.74737,0.86331,0.16341,0.20356,0.25934,0.51818,0.34275,0.31914,0.78167,0.58363,0.67831,0.73004,0.36647,-0.13906,0.77087,0.48463,0.7264,0.026403,0.51688,0.36986,0.62709,0.47618,0.733,0.29569,0.69504,0.59644,0.83154,0.39367,0.56717,0.63271,-0.025572,0.7104,0.46873,0.82105,0.68023,0.27622,0.59549,0.88256,0.24517,0.53661,0.73984,0.69093,0.64605,0.80053,0.75961,0.11104,0.70075,0.70403,0.35381,0.51178,0.52041,0.33994,0.29982,0.20087,0.47092,0.41187,0.78956,0.32766,1,0.81271,0.85881,0.44978,0.67927,0.47923,0.21841,0.53792,0.31593
0.23505,0.37749,0.4259,0.62245,0.43665,0.41863,0.7643,0.60589,0.17577,0.63935,0.55515,0.42261,0.40965,0.44437,0.63466,0.68164,0.4604,0.26351,0.75178,-0.092493,0.77356,0.0028713,0.74662,0.034566,0.23184,0.63827,0.65257,0.20368,0.85102,0.40919,0.5846,0.744,0.55832,0.6472,0.74597,0.15912,0.49012,0.13731,0.31478,0.60711,0.44794,0.71301,0.4987,0.74557,0.84656,0.61166,-0.019909,0.79698,0.59913,0.75478,0.25375,0.29379,0.27153,0.53483,0.71718,0.6719,0.53114,0.83173,0.52561,0.83593,0.35111,0.58786,0.7476,0.21183,0.755,0.36561,0.79858,0.76676,0.46904,0.55283,0.75593,0.33722,0.4803,0.61523,0.63189,0.57235,0.85292,0.68738,0.32248,0.56253,0.54439,0.52272,0.3024,0.40562,0.5603,0.080387,0.19621,0.49845,0.25516,0.64555,0.37024,0.81271,1,0.74828,0.61678,0.76662,0.54355,0.46443,0.58985,0.15511
0.27387,0.67588,0.57689,0.71339,0.7282,0.6328,0.77815,0.78575,0.34304,0.38021,0.80164,0.57177,0.64888,0.62087,0.32745,0.82027,0.42888,0.15945,0.76742,0.11201,0.69048,0.32849,0.75257,0.39648,0.62647,0.81427,0.87538,0.62248,0.79508,0.34428,0.69405,0.70364,0.76241,0.71255,0.93085,0.20059,0.21554,0.28423,0.53959,0.35385,0.50037,0.83989,0.7582,0.74476,0.68144,0.44982,-0.0080969,0.63021,0.38549,0.67703,-0.041781,0.58486,0.39861,0.59201,0.43407,0.83067,0.17253,0.67013,0.6711,0.83297,0.3079,0.60225,0.68386,0.077238,0.68572,0.58829,0.86511,0.65308,0.14219,0.65661,0.80017,0.39664,0.5828,0.87759,0.83605,0.77189,0.87099,0.85256,0.17281,0.90221,0.79857,0.50183,0.6271,0.68072,0.3049,0.47006,0.34214,0.4726,0.61412,0.73684,0.48541,0.85881,0.74828,1,0.55443,0.51018,0.58994,0.30649,0.54401,0.55025
0.40518,0.26276,0.43026,0.3718,0.20421,0.23703,0.64958,0.70112,0.037787,0.58579,0.38685,0.3453,0.39674,0.2394,0.55131,0.32044,0.6312,0.27084,0.44513,-0.035741,0.65669,0.078058,0.54332,-0.11351,0.092107,0.47506,0.42606,0.055029,0.69018,0.34509,0.72883,0.75211,0.46182,0.42334,0.501,0.43121,0.61542,0.34054,0.079201,0.63677,0.69465,0.70501,0.37891,0.6568,0.69118,0.62233,0.32739,0.5137,0.44868,0.45826,0.37506,0.17159,0.15587,0.30093,0.58765,0.44712,0.41095,0.72712,0.37802,0.53264,0.40249,0.41762,0.60355,0.57423,0.50853,0.12664,0.53729,0.65755,0.59789,0.44942,0.37349,0.46175,0.62351,0.40798,0.3206,0.34369,0.74045,0.53649,0.36224,0.45714,0.30617,0.60499,0.16737,0.35721,0.58263,-0.067772,0.37937,0.50706,0.10702,0.51182,0.40816,0.44978,0.61678,0.55443,1,0.61465,0.55682,0.63238,0.67831,0.14893
0.36081,0.15679,0.35043,0.4467,0.091962,0.063937,0.56151,0.44274,-0.048614,0.71526,0.21898,0.21061,0.15376,0.21401,0.77541,0.35145,0.36876,0.16541,0.48743,-0.29198,0.63906,-0.18652,0.6605,-0.32159,-0.10218,0.42243,0.31205,-0.10926,0.72069,0.14285,0.52714,0.54228,0.34892,0.43032,0.52355,0.25855,0.5598,0.20956,0.13312,0.57934,0.25602,0.61471,0.2353,0.55961,0.74592,0.64083,-0.030812,0.69768,0.61993,0.70535,0.43715,0.1227,0.0058733,0.45002,0.70976,0.43759,0.526,0.7394,0.27118,0.57831,0.55004,0.47237,0.61211,0.30979,0.63347,0.033163,0.62027,0.72728,0.63969,0.40369,0.56966,0.23951,0.48361,0.33828,0.27932,0.34477,0.70331,0.52119,0.28245,0.31651,0.2275,0.40753,0.019991,0.14037,0.65174,-0.19852,0.10759,0.49536,0.028286,0.58015,0.25677,0.67927,0.76662,0.51018,0.61465,1,0.47702,0.36973,0.68975,-0.18132
0.70745,0.64901,0.82056,0.47951,0.41624,0.5082,0.49437,0.67324,0.57658,0.2607,0.4392,0.36857,0.6929,0.65541,0.13574,0.48851,0.71499,0.66502,0.345,0.43952,0.64704,0.47343,0.59082,0.13536,0.31738,0.65428,0.40429,0.41363,0.70332,0.47955,0.84761,0.51062,0.72356,0.68231,0.64471,0.76188,0.28794,0.58725,0.54467,0.50305,0.65621,0.64737,0.72528,0.7684,0.58707,0.54372,0.50688,0.62874,0.59903,0.52688,-0.010176,0.58285,0.40228,0.62406,0.4857,0.73398,0.28389,0.70682,0.51949,0.56846,0.71705,0.80822,0.42877,0.44395,0.73459,0.51751,0.64103,0.37875,0.21325,0.76325,0.53445,0.60738,0.79806,0.55913,0.41389,0.77693,0.62773,0.63471,0.60646,0.63647,0.34109,0.8231,0.4353,0.70076,0.18085,0.43346,0.76376,0.75107,0.48709,0.58752,0.86634,0.47923,0.54355,0.58994,0.55682,0.47702,1,0.5896,0.78848,0.33767
0.46677,0.30704,0.44549,0.53996,0.059304,0.13991,0.62968,0.51604,0.26325,0.61671,0.25031,0.22314,0.41752,0.40107,0.48967,0.16338,0.89285,0.68251,0.42087,0.16596,0.66889,0.1119,0.27746,-0.18167,-0.089517,0.40515,0.30576,-0.0051807,0.57893,0.70443,0.47657,0.70592,0.36231,0.38805,0.35569,0.40812,0.75975,0.20906,0.032674,0.8877,0.75528,0.48917,0.30694,0.61118,0.68581,0.58362,0.63844,0.61058,0.56737,0.49989,0.57471,0.051101,0.20271,0.46068,0.71071,0.46474,0.75684,0.6234,0.38891,0.5069,0.4171,0.60281,0.64548,0.83171,0.54224,0.14457,0.44723,0.55531,0.66909,0.44348,0.19107,0.70233,0.46826,0.15587,0.13618,0.47382,0.50399,0.33271,0.82614,0.26467,0.049209,0.77484,-0.025211,0.24329,0.62899,-0.089219,0.47394,0.49164,0.10377,0.19927,0.60411,0.21841,0.46443,0.30649,0.63238,0.36973,0.5896,1,0.46141,0.016484
0.64705,0.40656,0.68444,0.40585,0.2723,0.31196,0.45856,0.63485,0.39154,0.45006,0.21344,0.25143,0.4785,0.45261,0.35443,0.45854,0.56929,0.42614,0.28319,0.18385,0.67679,0.25981,0.7216,-0.16425,0.057499,0.52937,0.27697,0.11555,0.72523,0.25702,0.86408,0.48612,0.5722,0.58298,0.52224,0.71294,0.37123,0.6519,0.38455,0.49845,0.53279,0.6576,0.55617,0.75265,0.65417,0.61996,0.35303,0.65035,0.61593,0.52433,0.17031,0.39677,0.25133,0.53156,0.53597,0.57491,0.34729,0.78366,0.28246,0.54765,0.69119,0.72842,0.43395,0.36454,0.6822,0.29386,0.4854,0.51884,0.36783,0.71821,0.51826,0.57346,0.81905,0.47122,0.28792,0.52492,0.65432,0.61516,0.4734,0.51325,0.23858,0.66264,0.24829,0.49774,0.36592,0.14184,0.56348,0.81932,0.266,0.59796,0.65776,0.53792,0.58985,0.54401,0.67831,0.68975,0.78848,0.46141,1,0.042855
0.14634,0.58568,0.45726,0.28772,0.82141,0.77472,0.30394,0.46185,0.5201,-0.26942,0.7437,0.6303,0.6077,0.49069,-0.31559,0.57363,0.14934,0.025328,0.35825,0.49342,0.13805,0.49272,0.31207,0.82954,0.87162,0.5364,0.66909,0.77605,0.26718,0.22448,0.3323,0.25161,0.56356,0.52462,0.54368,0.18327,-0.3124,0.20886,0.58782,-0.19655,0.40473,0.36171,0.68796,0.35764,0.084031,-0.0015207,0.16885,0.055299,0.080614,0.13062,-0.50889,0.71704,0.55797,0.40555,-0.15141,0.55477,-0.33733,0.12111,0.6469,0.39667,0.03309,0.24155,0.18069,-0.17391,0.29982,0.7407,0.45995,0.027114,-0.3157,0.40041,0.40063,0.19062,0.32303,0.73962,0.74702,0.5242,0.32458,0.49158,-0.10708,0.71488,0.77404,0.27312,0.79041,0.74638,-0.27256,0.7687,0.434,0.13815,0.65505,0.47551,0.4121,0.31593,0.15511,0.55025,0.14893,-0.18132,0.33767,0.016484,0.042855,1
